title,stage,block,timecode,duration_seconds,text,prev_text,next_text,style_profile,frame_file,frame_difference_seconds,basis,evidence_confidence,source_meaning_confidence,scene_fit_confidence,speaker_confidence,korean_naturalness,hallucination_risk,model_change_probability,rule_risk,provenance_risk,timing_risk,continuity_risk,error_memory_similarity,nearest_prior_bad_text,nearest_prior_correction,nearest_prior_basis,final_risk,tier,recommended_action,flags,relative_risk_percentile,priority_score,review_band,priority_action
ADN-622,사진 대조 1차 교정본,348,"00:57:35,700 --> 00:58:34,080",58.38,사실은…,네.,제대로 할 테니까.,중립·혼합형,,0.0,,,25.0,90.0,50.0,78.0,75.0,0.97871,0.0,66.0,25.0,0.0,0.0905,그리고 여덟 번째 옷은… 그때가 딱 좋겠네.,이제 몸 씻어 줄게.,타임스탬프 사진과 앞뒤 장면으로 대사 기능 복원,58.67,T3,화자·문맥·자연스러움 집중 검토,long_duration_short_text,100.0,76.03,P1,장면 패킷을 열고 후보 3개를 생성해 반증 검토
ADN-622,사진 대조 1차 교정본,581,"01:54:00,000 --> 01:54:00,020",0.02,이대로 계속해 줘…,안을 휘젓는 손가락의 움직임이 느껴져…,"아, 이건 너무 기분 좋아…",반말형,,0.0,,,25.0,90.0,50.0,78.0,75.0,0.86895,0.0,66.0,70.0,0.0,0.4009,"오, 오... 계속해 봐.","오, 오… 계속해 봐.",,58.56,T3,화자·문맥·자연스러움 집중 검토,high_cps,99.84825493171472,75.9,P1,장면 패킷을 열고 후보 3개를 생성해 반증 검토
ADN-622,사진 대조 1차 교정본,18,"00:02:36,290 --> 00:02:36,870",0.58,아버지가 가라고 해서 다니는 것뿐이에요.,그렇구나. 지망 대학은 정했니?,그렇구나. 그래도 아직 시간은 있으니까.,반응형,,0.01,,,25.0,90.0,50.0,78.0,75.0,0.79502,0.0,66.0,70.0,0.0,0.2103,저는 엄청 비를 몰고 다니는 편인데 오늘은 맑아서 다행이에요. 도착했습니다.,저 원래 비를 몰고 다니는 편인데 오늘은 맑아서 다행이에요. 도착했네요.,,55.45,T3,화자·문맥·자연스러움 집중 검토,high_cps,99.69650986342944,74.03,P1,장면 패킷을 열고 후보 3개를 생성해 반증 검토
ADN-622,사진 대조 1차 교정본,183,"00:27:04,110 --> 00:27:04,210",0.1,이제 와서 내숭 떨지 마.,무슨 소리 하는 거야?,시끄러우니까 조용히 하라고.,반말형,,0.01,,,25.0,90.0,50.0,78.0,75.0,0.7836,0.0,66.0,70.0,0.0,0.2793,하지 마.,잠깐만.,손상된 일본어 ASR + 타임스탬프 사진 + 앞뒤 문맥 추론,54.97,T3,화자·문맥·자연스러움 집중 검토,high_cps,99.54476479514416,73.69,P1,장면 패킷을 열고 후보 3개를 생성해 반증 검토
ADN-622,사진 대조 1차 교정본,580,"01:53:59,000 --> 01:54:00,000",1.0,안을 휘젓는 손가락의 움직임이 느껴져…,으읏…,이대로 계속해 줘…,중립·혼합형,,0.0,,,25.0,90.0,50.0,78.0,79.0,0.87121,0.0,66.0,25.0,0.0,0.2592,"그 움직임이 결과적으로,",그 움직임이 결과적으로,,54.39,T3,화자·문맥·자연스러움 집중 검토,borderline_cps,99.39301972685888,73.29,P1,장면 패킷을 열고 후보 3개를 생성해 반증 검토
ADN-622,사진 대조 1차 교정본,467,"01:29:32,310 --> 01:29:49,750",17.44,"움직여 줄게. 움직여 줄 테니까.
왜 도망치고 그래?","이쪽도 잔뜩 빨아서
깨끗하게 해 줄 수 있잖아?","엄마라면 아들을 봐야지.
나를 보면서 빨아 줘.",중립·혼합형,,0.01,,,25.0,90.0,50.0,78.0,83.0,0.90139,0.0,66.0,0.0,0.0,0.5776,역시 움직여 줄게.,이제 움직여 줄게.,사진 장면 확인 및 한국어 번역투·ASR 오역 교정,53.4,T3,화자·문맥·자연스러움 집중 검토,,99.2412746585736,72.65,P1,장면 패킷을 열고 후보 3개를 생성해 반증 검토
ADN-622,사진 대조 1차 교정본,576,"01:52:59,340 --> 01:53:24,170",24.83,"더, 더 빨아 줘. 너만 좋으면 안 되잖아.
이쪽도 빨아 줘.",하아…,"하아, 앗…",중립·혼합형,,0.04,,,25.0,90.0,50.0,78.0,75.0,0.90815,0.0,66.0,0.0,0.0,0.4387,안 되잖아.,안 되지.,일본어 원문 대조 + 자연스러운 한국어 대사 교정,53.2,T3,화자·문맥·자연스러움 집중 검토,,99.08952959028832,72.47,P1,장면 패킷을 열고 후보 3개를 생성해 반증 검토
ADN-622,사진 대조 1차 교정본,336,"00:57:08,340 --> 00:57:11,280",2.94,"어, 유우, 학원은 어떠냐?","그럼, 이렇게 할까.",공부 열심히 해서 잘돼 가요.,반응형,,0.04,,,25.0,90.0,50.0,78.0,75.0,0.88443,0.0,66.0,0.0,0.0,0.1975,"어, 뭐 좀 해 줘.",양치 좀 해 줘.,손상된 일본어 ASR + 타임스탬프 사진 + 앞뒤 문맥 추론,52.21,T3,화자·문맥·자연스러움 집중 검토,,98.93778452200304,71.84,P2,앞뒤 5블록·사진·오류 기억을 함께 검토
ADN-622,사진 대조 1차 교정본,226,"00:35:58,850 --> 00:36:01,530",2.68,미안하다고 할 거면 혀 내밀어봐.,혀 더 내밀어봐.,응.,반응형,,0.05,,,25.0,90.0,50.0,78.0,79.0,0.86645,0.0,66.0,0.0,0.0,0.3787,"자, 혀를 조금 내밀어봐...","자, 혀를 조금 내밀어봐…",,51.69,T3,화자·문맥·자연스러움 집중 검토,,98.78603945371776,71.47,P2,앞뒤 5블록·사진·오류 기억을 함께 검토
ADN-622,사진 대조 1차 교정본,216,"00:31:22,330 --> 00:31:23,570",1.24,"오, 대단해.",으응…,"더, 더 빨아 줘.",반말형,,0.03,,,25.0,90.0,50.0,78.0,75.0,0.69108,42.0,66.0,0.0,0.0,1.0,"오, 대단해.","와, 진짜 대단해.",일본어 원문 + 타임스탬프 사진 + 장면 연속성,51.65,T3,화자·문맥·자연스러움 집중 검토,,98.63429438543247,71.38,P2,앞뒤 5블록·사진·오류 기억을 함께 검토
ADN-622,사진 대조 1차 교정본,157,"00:23:13,120 --> 00:23:17,720",4.6,"쿠미 씨도 참, 이렇게 젖어놓고서.",대박… 이렇게 핑크색이네.,왜 그래?,반응형,,0.02,,,25.0,90.0,50.0,78.0,79.0,0.85861,0.0,66.0,0.0,0.0,0.1779,이렇게 해버려.,이렇게 해 버려.,,51.36,T3,화자·문맥·자연스러움 집중 검토,,98.48254931714719,71.15,P2,앞뒤 5블록·사진·오류 기억을 함께 검토
ADN-622,사진 대조 1차 교정본,241,"00:38:16,100 --> 00:38:18,580",2.48,엄마 행세 하지 마. 의미 없으니까.,미안해.,"아, 박게 해 줘. 하게 해 줘.",반말형,,0.0,,,25.0,90.0,50.0,78.0,75.0,0.86305,0.0,66.0,0.0,0.0,0.3921,하지 마.,잠깐만.,손상된 일본어 ASR + 타임스탬프 사진 + 앞뒤 문맥 추론,51.31,T3,화자·문맥·자연스러움 집중 검토,,98.33080424886191,71.06,P2,앞뒤 5블록·사진·오류 기억을 함께 검토
ADN-622,사진 대조 1차 교정본,424,"01:19:44,220 --> 01:20:00,960",16.74,"저기, 잠깐 이리 와봐. 빨아 줘.","유우 군, 학원 늦겠어.",엄마가 될 거라며.,중립·혼합형,,0.02,,,25.0,90.0,50.0,78.0,75.0,0.86231,0.0,66.0,0.0,0.0,0.2837,"저, 저기, 잠깐만 쉬게 해 주세요.","저기, 잠깐만… 그만해.",장면과 충돌한 긴 반복 자막 교정,51.28,T3,화자·문맥·자연스러움 집중 검토,,98.17905918057663,70.98,P2,앞뒤 5블록·사진·오류 기억을 함께 검토
ADN-622,사진 대조 1차 교정본,462,"01:26:51,820 --> 01:27:33,920",42.1,"- 열심히 할게… - 전혀 안 좋거든.
더 깊이 넣어, 어서.",응?,"아, 그래. 깊숙이 해야지, 자.",중립·혼합형,,0.02,,,25.0,90.0,72.0,78.0,83.0,0.8496,0.0,66.0,0.0,0.0,0.2161,다음엔 열심히 할게요.,다음엔 더 열심히 할게요.,사진 장면 확인 및 한국어 번역투·ASR 오역 교정,51.22,T3,화자·문맥·자연스러움 집중 검토,,97.95144157814872,70.85,P2,앞뒤 5블록·사진·오류 기억을 함께 검토
ADN-622,사진 대조 1차 교정본,620,"02:04:09,950 --> 02:04:49,480",39.53,열심히 해 줘. 열심히 하겠다며.,움직이라고.,"열심히 할 거지?
잔뜩 느끼게 해 줄 테니까.",반말형,,0.05,,,25.0,90.0,50.0,78.0,75.0,0.86101,0.0,66.0,0.0,0.0,0.4548,열심히 하겠습니다.,힘내 볼게요.,,51.22,T3,화자·문맥·자연스러움 집중 검토,,97.95144157814872,70.85,P2,앞뒤 5블록·사진·오류 기억을 함께 검토
ADN-622,사진 대조 1차 교정본,409,"01:14:52,280 --> 01:14:52,500",0.22,키스해 줘.,"잠깐, 키스해 줘.","안 돼, 안 돼, 안 돼.",반말형,,0.02,,,25.0,90.0,50.0,78.0,79.0,0.7506,0.0,66.0,43.64,0.0,0.2812,좀 더 해 줘.,보여?,일본어 원문 + 타임스탬프 사진 + 장면 연속성,51.19,T3,화자·문맥·자연스러움 집중 검토,high_cps,97.72382397572079,70.73,P2,앞뒤 5블록·사진·오류 기억을 함께 검토
ADN-622,사진 대조 1차 교정본,221,"00:34:28,190 --> 00:35:00,350",32.16,"네 잘못이야. 그러니 이 정도는 당연하지.
- 미안해, 용서해 줘. - 아직 부족해. 그만해.","하아, 힘들어…",네 잘못이야.,반말형,,0.01,,,25.0,90.0,72.0,78.0,75.0,0.84659,0.0,66.0,0.0,0.0,0.3821,당연하지.,그럼 같이 닦자.,타임스탬프 사진과 앞뒤 장면으로 대사 기능 복원,50.62,T3,화자·문맥·자연스러움 집중 검토,,97.57207890743551,70.34,P2,앞뒤 5블록·사진·오류 기억을 함께 검토
ADN-622,사진 대조 1차 교정본,77,"00:10:30,180 --> 00:10:31,380",1.2,키스하게 해 줘.,진짜야.,그만해.,반말형,,0.02,,,25.0,90.0,50.0,78.0,79.0,0.83593,0.0,66.0,0.0,0.0,0.3048,좀 더 해 줘.,보여?,일본어 원문 + 타임스탬프 사진 + 장면 연속성,50.41,T3,화자·문맥·자연스러움 집중 검토,,97.42033383915023,70.15,P2,앞뒤 5블록·사진·오류 기억을 함께 검토
ADN-622,사진 대조 1차 교정본,408,"01:12:55,930 --> 01:12:56,850",0.92,"잠깐, 키스해 줘.","아니, 조용히 가 버려…",키스해 줘.,반응형,,0.03,,,25.0,90.0,50.0,78.0,79.0,0.83228,0.0,66.0,0.0,0.0,0.3404,"잠깐, 잠깐만 쉬게 해 주세요.","잠깐, 잠깐만… 그만해.",장면과 충돌한 표현 교정,50.26,T3,화자·문맥·자연스러움 집중 검토,,97.26858877086495,70.0,P2,앞뒤 5블록·사진·오류 기억을 함께 검토
ADN-622,사진 대조 1차 교정본,415,"01:16:27,550 --> 01:16:27,710",0.16,느꼈나 보네.,좀 기분 좋아?,자국 남기지 마.,반말형,,0.05,,,25.0,90.0,50.0,78.0,75.0,0.66863,0.0,66.0,70.0,0.0,0.3014,오늘 색다른 경험을 다 해 보네.,오늘 색다른 경험은 다 해 보네.,조사 교정,50.14,T3,화자·문맥·자연스러움 집중 검토,high_cps,97.11684370257967,69.87,P2,앞뒤 5블록·사진·오류 기억을 함께 검토
ADN-622,사진 대조 1차 교정본,617,"02:01:48,320 --> 02:01:54,000",5.68,"움직여 줘. 뭐든 다 해준다며.
노력하겠다고 했잖아.",움직이라고.,"많이 해 줘, 잔뜩 해 줘.",반말형,,0.02,,,25.0,90.0,50.0,78.0,79.0,0.82793,0.0,66.0,0.0,0.0,0.2862,달라고 했잖아.,씻어 달라고 했잖아.,타임스탬프 사진과 앞뒤 장면으로 대사 기능 복원,50.07,T3,화자·문맥·자연스러움 집중 검토,,96.96509863429439,69.77,P2,앞뒤 5블록·사진·오류 기억을 함께 검토
ADN-622,사진 대조 1차 교정본,475,"01:32:59,410 --> 01:33:03,210",3.8,아들 마음도 좀 헤아려 줘.,"아들이 하는 말이면
뭐든 들을 수 있잖아.","아들의 소원이니까.
엄마잖아. 어서 해 줘.",반응형,,0.01,,,25.0,90.0,50.0,78.0,75.0,0.82744,0.0,66.0,0.0,0.0,0.2555,좀 더 해 줘.,보여?,일본어 원문 + 타임스탬프 사진 + 장면 연속성,49.81,T3,화자·문맥·자연스러움 집중 검토,,96.81335356600911,69.55,P2,앞뒤 5블록·사진·오류 기억을 함께 검토
ADN-622,사진 대조 1차 교정본,322,"00:50:13,470 --> 00:50:16,290",2.82,"쿠미 씨, 여기서 이러면 들켜.",잠깐…,지금은 안 돼.,중립·혼합형,,0.03,,,25.0,90.0,50.0,78.0,75.0,0.82611,0.0,66.0,0.0,0.0,0.2905,여기서 자고 있어?,땀나고 있어?,사진 장면 확인 및 한국어 번역투·ASR 오역 교정,49.76,T3,화자·문맥·자연스러움 집중 검토,,96.66160849772383,69.46,P2,앞뒤 5블록·사진·오류 기억을 함께 검토
ADN-622,사진 대조 1차 교정본,255,"00:40:33,980 --> 00:40:35,740",1.76,병원에서 죽었다고 해 뒀지만 그건 거짓말이야.,유우를 낳은 어머니.,사실은 남자가 생겨서 도망친 거야.,반말형,,0.02,,,25.0,90.0,50.0,78.0,75.0,0.8253,0.0,66.0,0.0,0.0,0.2007,유두 말이야.,젖꼭지 말이야.,,49.72,T3,화자·문맥·자연스러움 집중 검토,,96.50986342943855,69.37,P2,앞뒤 5블록·사진·오류 기억을 함께 검토
ADN-622,사진 대조 1차 교정본,242,"00:38:27,330 --> 00:38:30,370",3.04,"아, 박게 해 줘. 하게 해 줘.",엄마 행세 하지 마. 의미 없으니까.,"미안해, 잘못했어.",반말형,,0.03,,,25.0,90.0,50.0,78.0,75.0,0.82448,0.0,66.0,0.0,0.0,0.4814,좀 더 해 줘.,보여?,일본어 원문 + 타임스탬프 사진 + 장면 연속성,49.69,T3,화자·문맥·자연스러움 집중 검토,,96.35811836115326,69.29,P2,앞뒤 5블록·사진·오류 기억을 함께 검토
ADN-622,사진 대조 1차 교정본,210,"00:30:18,770 --> 00:30:21,990",3.22,손가락 움직이는 게 느껴져.,이대로 가 버릴 것 같아.,얼굴 좀 보여 줘.,중립·혼합형,,0.03,,,25.0,90.0,50.0,78.0,79.0,0.81786,0.0,66.0,0.0,0.0,0.3065,위아래로 움직이는 느낌...,위아래로 움직이는 느낌…,,49.65,T3,화자·문맥·자연스러움 집중 검토,,96.20637329286798,69.2,P2,앞뒤 5블록·사진·오류 기억을 함께 검토
ADN-622,사진 대조 1차 교정본,507,"01:38:58,010 --> 01:39:00,790",2.78,진짜 짜증 나. 진짜 짜증 난다고.,닥쳐.,엄마라도 된 줄 아나 봐.,중립·혼합형,,0.01,,,25.0,90.0,50.0,78.0,75.0,0.81627,0.0,66.0,0.0,0.0,0.2566,진짜 엄청 좋아...,진짜 엄청 좋아…,,49.34,T3,화자·문맥·자연스러움 집중 검토,,96.0546282245827,68.96,P2,앞뒤 5블록·사진·오류 기억을 함께 검토
ADN-622,사진 대조 1차 교정본,1,"00:01:12,510 --> 00:01:18,550",6.04,"유우 군, 일어나. 밥 다 됐어. 들어갈게.",,벌써 일어났어요.,중립·혼합형,,0.01,,,25.0,90.0,50.0,78.0,75.0,0.81507,0.0,66.0,0.0,0.0,0.2083,세 번째 자세로 넘어갈게.,이번엔 입으로 해 줘.,타임스탬프 사진과 장면 흐름으로 명백한 오인식 교정,49.29,T3,화자·문맥·자연스러움 집중 검토,,95.90288315629742,68.87,P2,앞뒤 5블록·사진·오류 기억을 함께 검토
ADN-622,사진 대조 1차 교정본,449,"01:23:04,090 --> 01:23:42,300",38.21,그러니까 깊숙이 빨아 줘.,"저기, 엄마가 될 거라며.",깊숙이 빨아달라고.,반응형,,0.01,,,25.0,90.0,50.0,78.0,75.0,0.81338,0.0,66.0,0.0,0.0,0.4556,그러니까 아직 안 왔어요.,아직 안 왔네요.,사진 장면 확인 및 한국어 번역투·ASR 오역 교정,49.22,T3,화자·문맥·자연스러움 집중 검토,,95.75113808801214,68.76,P2,앞뒤 5블록·사진·오류 기억을 함께 검토
ADN-622,사진 대조 1차 교정본,452,"01:24:08,530 --> 01:24:25,500",16.97,"자, 더 해 줘. 어서.","자, 어서 해 줘.",짜증 나게 하지 말고.,반응형,,0.03,,,25.0,90.0,50.0,78.0,75.0,0.8119,0.0,66.0,0.0,0.0,0.4977,좀 더 해 줘.,보여?,일본어 원문 + 타임스탬프 사진 + 장면 연속성,49.16,T3,화자·문맥·자연스러움 집중 검토,,95.59939301972686,68.66,P2,앞뒤 5블록·사진·오류 기억을 함께 검토
ADN-622,사진 대조 1차 교정본,517,"01:41:19,940 --> 01:41:23,480",3.54,학원은 계속 다니는 게 좋아.,"그만둬야 해, 그만둬야…",학원 공부는 힘들겠지만…,반응형,,0.04,,,25.0,90.0,50.0,78.0,75.0,0.80751,0.0,66.0,0.0,0.0,0.292,"아, 좋아.","아, 들어온다.",,48.98,T3,화자·문맥·자연스러움 집중 검토,,95.44764795144158,68.5,P2,앞뒤 5블록·사진·오류 기억을 함께 검토
ADN-622,사진 대조 1차 교정본,286,"00:45:47,730 --> 00:45:49,450",1.72,엄마인 척 꼴사납게 굴지 마.,"오늘은 꼭 학원에 가.
그러면 해 줄게.",다녀왔어.,반말형,,0.03,,,25.0,90.0,50.0,78.0,75.0,0.80435,0.0,66.0,0.0,0.0,0.2218,하지 마.,잠깐만.,손상된 일본어 ASR + 타임스탬프 사진 + 앞뒤 문맥 추론,48.84,T3,화자·문맥·자연스러움 집중 검토,,95.2959028831563,68.35,P2,앞뒤 5블록·사진·오류 기억을 함께 검토
ADN-622,사진 대조 1차 교정본,48,"00:07:27,060 --> 00:07:30,520",3.46,아줌마도 이 돈 보고 우리 아빠랑 결혼한 거잖아.,네.,"머, 어떻게 된 거야?",중립·혼합형,,0.04,,,25.0,90.0,50.0,78.0,75.0,0.80173,0.0,66.0,0.0,0.0,0.1426,우리 둘이서?,둘이서.,타임스탬프 사진으로 장면 불일치 확인 후 재복원,48.73,T3,화자·문맥·자연스러움 집중 검토,,95.14415781487102,68.22,P2,앞뒤 5블록·사진·오류 기억을 함께 검토
ADN-622,사진 대조 1차 교정본,360,"01:01:11,750 --> 01:01:14,110",2.36,거기 흠칫거리며 떨고 있잖아요.,그런 말 하지 마.,들키진 않겠네요.,반응형,,0.05,,,25.0,90.0,50.0,78.0,75.0,0.80151,0.0,66.0,0.0,0.0,0.1865,몸을 떨고 있어봐.,계속 떨고 있네.,,48.72,T3,화자·문맥·자연스러움 집중 검토,,94.99241274658573,68.15,P2,앞뒤 5블록·사진·오류 기억을 함께 검토
ADN-622,사진 대조 1차 교정본,585,"01:54:58,960 --> 01:55:00,780",1.82,잔뜩 기분 좋게 해 줘.,"빨리, 빨리.",좀 만져 줘.,반말형,,0.04,,,25.0,90.0,50.0,78.0,75.0,0.80126,0.0,66.0,0.0,0.0,0.4165,기분 좋게 해 주고 싶어요.,제가 해 볼게요.,앞 블록과 중복된 문장 정리,48.71,T3,화자·문맥·자연스러움 집중 검토,,94.84066767830045,68.08,P2,앞뒤 5블록·사진·오류 기억을 함께 검토
ADN-622,사진 대조 1차 교정본,208,"00:30:11,910 --> 00:30:13,470",1.56,기분 좋은 건 마찬가지잖아.,열심히 해봐…,이대로 가 버릴 것 같아.,반응형,,0.01,,,25.0,90.0,50.0,78.0,75.0,0.80104,0.0,66.0,0.0,0.0,0.2401,고환도 마찬가지야. 이쪽도 전부 제대로 빨아.,불알도 똑같이. 여기도 제대로 빨아.,,48.7,T3,화자·문맥·자연스러움 집중 검토,,94.68892261001517,68.02,P2,앞뒤 5블록·사진·오류 기억을 함께 검토
ADN-622,사진 대조 1차 교정본,298,"00:46:59,470 --> 00:47:01,330",1.86,오늘 아침에 조금 얘기했으니 오늘은 갔을 거예요.,"아, 아직 안 돌아왔어요.",아마 문제없을 거예요.,존댓말형,,0.03,,,25.0,90.0,50.0,78.0,75.0,0.79986,0.0,66.0,0.0,0.0,0.2222,후와 씨가 이끄는 거예요.,이번에는 후우아 씨가 이끌어 주는 거예요.,이름 및 문장 자연화,48.65,T3,화자·문맥·자연스러움 집중 검토,,94.53717754172989,67.92,P2,앞뒤 5블록·사진·오류 기억을 함께 검토
ADN-622,사진 대조 1차 교정본,21,"00:03:25,120 --> 00:03:40,000",14.88,"친어머니는 어릴 때 병으로 돌아가셔서
얼굴은 잘 기억 안 나지만 쿠미 씨와 닮았던 것 같다.",차 마실래?,"뭐, 뭐 하는 거야?
학원은? 늦겠어.",반말형,,0.02,,,25.0,90.0,50.0,78.0,75.0,0.79923,0.0,66.0,0.0,0.0,0.1243,나는 아내 실격이다. 하지만 당분간은 그만두지 못할 것 같다.,나는 아내로서 실격이다. 그래도 당분간은 그만두지 못할 것 같다.,마지막 내레이션 자연화,48.63,T3,화자·문맥·자연스러움 집중 검토,,94.30955993930196,67.82,P2,앞뒤 5블록·사진·오류 기억을 함께 검토
ADN-622,사진 대조 1차 교정본,335,"00:54:45,480 --> 00:54:46,600",1.12,"그럼, 이렇게 할까.",이렇게까지…,"어, 유우, 학원은 어떠냐?",중립·혼합형,,0.02,,,25.0,90.0,50.0,78.0,75.0,0.79932,0.0,66.0,0.0,0.0,0.5607,뭐 할까.,이제 뭐 할까?,일본어 원문 대조 + 자연스러운 한국어 대사 교정,48.63,T3,화자·문맥·자연스러움 집중 검토,,94.30955993930196,67.82,P2,앞뒤 5블록·사진·오류 기억을 함께 검토
ADN-622,사진 대조 1차 교정본,258,"00:40:50,660 --> 00:40:58,660",8.0,"그래서 난 유우가 부족함 없이 크길
바라서 열심히 일했어. 그리고 회사를 키웠지.",어린 유우를 버려두고…,"하지만 오히려 외롭게
만들어 버린 거겠지.",반말형,,0.04,,,25.0,90.0,50.0,78.0,75.0,0.79893,0.0,66.0,0.0,0.0,0.1796,그리고 유두.,그리고 젖꼭지도.,,48.62,T3,화자·문맥·자연스러움 집중 검토,,94.08194233687405,67.71,P2,앞뒤 5블록·사진·오류 기억을 함께 검토
ADN-622,사진 대조 1차 교정본,110,"00:16:03,580 --> 00:16:08,740",5.16,"아니야. 잠깐만, 하지 마.","돈 때문이잖아, 맞지?","이쪽도, 어서.",반응형,,0.02,,,25.0,90.0,50.0,78.0,75.0,0.79633,0.0,66.0,0.0,0.0,0.5974,"잠깐만,",잠깐만,,48.51,T3,화자·문맥·자연스러움 집중 검토,,93.85432473444612,67.55,P2,앞뒤 5블록·사진·오류 기억을 함께 검토
ADN-622,사진 대조 1차 교정본,358,"01:00:29,570 --> 01:00:30,610",1.04,어느 쪽이 좋아요?,조용히 해.,그런 말 하지 마.,반응형,,0.03,,,25.0,90.0,50.0,78.0,75.0,0.79647,0.0,66.0,0.0,0.0,0.4923,안은 어느 쪽이 좋아?,안에서는 어디가 좋아?,일본어 원문 대조 + 자연스러운 한국어 대사 교정,48.51,T3,화자·문맥·자연스러움 집중 검토,,93.85432473444612,67.55,P2,앞뒤 5블록·사진·오류 기억을 함께 검토
ADN-622,사진 대조 1차 교정본,124,"00:17:39,730 --> 00:17:43,190",3.46,이거 진짜 엄청 축축해졌네.,"유우 군, 안 돼.","아니야, 그런 거…",반말형,,0.03,,,25.0,90.0,50.0,78.0,75.0,0.75733,8.6,66.0,0.0,0.0,0.7217,엄청 축축해졌네...,엄청 축축해졌네…,,48.42,T3,화자·문맥·자연스러움 집중 검토,,93.55083459787556,67.37,P2,앞뒤 5블록·사진·오류 기억을 함께 검토
ADN-622,사진 대조 1차 교정본,143,"00:19:37,880 --> 00:20:10,230",32.35,"좀 비켜봐. 비키라고. 시키는 대로 해. 자
벌려봐. 빨리 벌려보라고. 괜찮으니까 빨리.",손을 움직여서…,"이제 됐잖아. 다 보여.
얼른 다리 벌려봐, 이렇게.",반말형,,0.02,,,25.0,90.0,50.0,78.0,75.0,0.79436,0.0,66.0,0.0,0.0,0.2296,조금 비켜봐...,조금 비켜봐…,,48.42,T3,화자·문맥·자연스러움 집중 검토,,93.55083459787556,67.37,P2,앞뒤 5블록·사진·오류 기억을 함께 검토
ADN-622,사진 대조 1차 교정본,473,"01:31:45,870 --> 01:31:47,650",1.78,말하지 않아도 할 수 있잖아.,말하지 않아도 할 수 있잖아.,"아들이 하는 말이면
뭐든 들을 수 있잖아.",반응형,,0.03,,,25.0,90.0,50.0,78.0,75.0,0.79283,0.0,66.0,0.0,0.0,0.4368,서 있잖아.,완전히 서 있잖아.,일본어 원문 대조 + 자연스러운 한국어 대사 교정,48.36,T3,화자·문맥·자연스러움 집중 검토,,93.32321699544764,67.24,P2,앞뒤 5블록·사진·오류 기억을 함께 검토
ADN-622,사진 대조 1차 교정본,605,"01:59:04,140 --> 01:59:09,680",5.54,안 돼. 더 노력할 테니까.,"그 얘기 좀 그만해.
학원이든 회사든 알 바 아니라고.",하게 해주면 되잖아.,중립·혼합형,,0.04,,,25.0,90.0,50.0,78.0,75.0,0.79261,0.0,66.0,0.0,0.0,0.4797,"자, 더 해줄 테니까.","자, 더 해 줄 테니까.",,48.35,T3,화자·문맥·자연스러움 집중 검토,,93.17147192716236,67.18,P2,앞뒤 5블록·사진·오류 기억을 함께 검토
ADN-622,사진 대조 1차 교정본,458,"01:25:40,220 --> 01:25:42,400",2.18,애정을 듬뿍 쏟아준다며.,더 해달라고.,잔뜩 빨아 줘.,반응형,,0.02,,,25.0,90.0,50.0,78.0,75.0,0.79238,0.0,66.0,0.0,0.0,0.0825,다리를 꼬아 푹 삶아준다.,[불명],,48.34,T3,화자·문맥·자연스러움 집중 검토,,93.01972685887708,67.11,P2,앞뒤 5블록·사진·오류 기억을 함께 검토
ADN-622,사진 대조 1차 교정본,375,"01:06:36,300 --> 01:06:37,980",1.68,이왕 이렇게 된 거 소리 내봐요.,더 깊이…,여보도…,중립·혼합형,,0.0,,,25.0,90.0,50.0,78.0,75.0,0.79181,0.0,66.0,0.0,0.0,0.2229,이렇게 몸을 빼 주세요.,이렇게 몸을 뒤로 빼 주세요.,동작 방향 명확화,48.32,T3,화자·문맥·자연스러움 집중 검토,,92.8679817905918,67.03,P2,앞뒤 5블록·사진·오류 기억을 함께 검토
ADN-622,사진 대조 1차 교정본,435,"01:21:08,280 --> 01:21:10,620",2.34,기분 좋게 해 줘. 이렇게 말이지.,짜증 나.,엄마가 될 거라며.,반말형,,0.02,,,25.0,90.0,50.0,78.0,75.0,0.79164,0.0,66.0,0.0,0.0,0.3198,기분 좋게 해 주고 싶어요.,제가 해 볼게요.,앞 블록과 중복된 문장 정리,48.31,T3,화자·문맥·자연스러움 집중 검토,,92.71623672230652,66.96,P2,앞뒤 5블록·사진·오류 기억을 함께 검토
ADN-622,사진 대조 1차 교정본,337,"00:57:13,480 --> 00:57:15,420",1.94,공부 열심히 해서 잘돼 가요.,"어, 유우, 학원은 어떠냐?",여기요.,반말형,,0.02,,,25.0,90.0,50.0,78.0,75.0,0.79027,0.0,66.0,0.0,0.0,0.4604,가요.,갈 것 같아요.,성인 장면 관용 표현 교정,48.25,T3,화자·문맥·자연스러움 집중 검토,,92.56449165402124,66.86,P2,앞뒤 5블록·사진·오류 기억을 함께 검토
ADN-622,사진 대조 1차 교정본,479,"01:33:48,030 --> 01:33:50,410",2.38,왜 이런 짓을 하는 거야…,"아빠하고도 했잖아.
자, 더, 더 해 줘.","하아, 흐읏…",반말형,,0.03,,,25.0,90.0,50.0,78.0,75.0,0.78677,0.0,66.0,0.0,0.0,0.2093,뭐라고 하는 거야?,뭐라고 말해야 해?,일본어 원문 대조 + 자연스러운 한국어 대사 교정,48.1,T3,화자·문맥·자연스러움 집중 검토,,92.41274658573596,66.71,P2,앞뒤 5블록·사진·오류 기억을 함께 검토
ADN-622,사진 대조 1차 교정본,437,"01:21:16,680 --> 01:21:18,500",1.82,도와주고 싶다고 말할 거면 말이야.,엄마가 될 거라며.,기분 좋게 해달라고.,반말형,,0.02,,,25.0,90.0,50.0,78.0,75.0,0.78532,0.0,66.0,0.0,0.0,0.3819,유두 말이야.,젖꼭지 말이야.,,48.04,T3,화자·문맥·자연스러움 집중 검토,,92.18512898330803,66.58,P2,앞뒤 5블록·사진·오류 기억을 함께 검토
ADN-622,사진 대조 1차 교정본,619,"02:02:32,240 --> 02:02:33,200",0.96,움직이라고.,"많이 해 줘, 잔뜩 해 줘.",열심히 해 줘. 열심히 하겠다며.,중립·혼합형,,0.04,,,25.0,90.0,50.0,78.0,79.0,0.77944,0.0,66.0,0.0,0.0,0.1662,여러 곳을 움직이면서 할까?,손도 같이 움직여 볼까?,타임스탬프 사진과 장면 흐름으로 명백한 오인식 교정,48.04,T3,화자·문맥·자연스러움 집중 검토,,92.18512898330803,66.58,P2,앞뒤 5블록·사진·오류 기억을 함께 검토
ADN-622,사진 대조 1차 교정본,459,"01:26:38,080 --> 01:26:40,260",2.18,잔뜩 빨아 줘.,애정을 듬뿍 쏟아준다며.,멈추지 마.,반응형,,0.02,,,25.0,90.0,50.0,78.0,75.0,0.78357,0.0,66.0,0.0,0.0,0.3997,잔뜩 쌀 거야.,걱정 마.,화면 영문 자막 대조,47.97,T3,화자·문맥·자연스러움 집중 검토,,91.95751138088012,66.44,P2,앞뒤 5블록·사진·오류 기억을 함께 검토
ADN-622,사진 대조 1차 교정본,571,"01:52:31,140 --> 01:52:32,240",1.1,따뜻해… 안쪽까지 느껴져요.,…,"따뜻해, 너무 따뜻해.",반말형,,0.04,,,25.0,90.0,50.0,78.0,79.0,0.77685,0.0,66.0,0.0,0.0,0.5216,정말 느껴져요.,확실히 느껴져요.,,47.93,T3,화자·문맥·자연스러움 집중 검토,,91.80576631259484,66.36,P2,앞뒤 5블록·사진·오류 기억을 함께 검토
ADN-622,사진 대조 1차 교정본,6,"00:01:54,730 --> 00:01:58,070",3.34,좀 늦을지도 모르니까 연락할게.,몇 시쯤 들어와?,기다릴게.,반말형,,0.03,,,25.0,90.0,50.0,78.0,75.0,0.78161,0.0,66.0,0.0,0.0,0.1617,이제 안 할게.,이제 안 애태울게.,,47.89,T3,화자·문맥·자연스러움 집중 검토,,91.57814871016691,66.24,P2,앞뒤 5블록·사진·오류 기억을 함께 검토
ADN-622,사진 대조 1차 교정본,60,"00:08:13,440 --> 00:08:15,660",2.22,뭐 하는 거야? 뭐 하는 거야?,"어! 잠깐만, 하지 마.",뭐 하는 거야?,반말형,,0.04,,,25.0,90.0,50.0,78.0,75.0,0.7759,1.37,66.0,0.0,0.0,0.6614,뭐라고 하는 거야?,뭐라고 말해야 해?,일본어 원문 대조 + 자연스러운 한국어 대사 교정,47.89,T3,화자·문맥·자연스러움 집중 검토,,91.57814871016691,66.24,P2,앞뒤 5블록·사진·오류 기억을 함께 검토
ADN-622,사진 대조 1차 교정본,640,"02:11:04,220 --> 02:11:05,340",1.12,열심히 하고 있잖아.,"지금 열심히 하고 있잖아.
같이 하고 있잖아.",노력할게.,반응형,,0.02,,,25.0,90.0,50.0,78.0,75.0,0.77793,0.0,66.0,0.0,0.0,0.5654,서 있잖아.,완전히 서 있잖아.,일본어 원문 대조 + 자연스러운 한국어 대사 교정,47.73,T3,화자·문맥·자연스러움 집중 검토,,91.350531107739,66.05,P2,앞뒤 5블록·사진·오류 기억을 함께 검토
ADN-622,사진 대조 1차 교정본,508,"01:39:20,520 --> 01:39:22,240",1.72,엄마라도 된 줄 아나 봐.,진짜 짜증 나. 진짜 짜증 난다고.,얼마든지 만져도 돼.,반응형,,0.02,,,25.0,90.0,50.0,78.0,75.0,0.77716,0.0,66.0,0.0,0.0,0.1475,엉덩이 좀 봐.,이 유카타 진짜 귀엽네.,일본어 원문 + 타임스탬프 사진 + 장면 연속성,47.7,T3,화자·문맥·자연스러움 집중 검토,,91.19878603945372,65.97,P2,앞뒤 5블록·사진·오류 기억을 함께 검토
ADN-622,사진 대조 1차 교정본,552,"01:49:33,810 --> 01:49:35,270",1.46,"망가지면 어때, 좋잖아.",망가져 버려도 괜찮지?,그런 생각 하지 마.,반응형,,0.01,,,25.0,90.0,50.0,78.0,75.0,0.77699,0.0,66.0,0.0,0.0,0.2795,너도 기분 좋잖아...,너도 기분 좋잖아…,,47.69,T3,화자·문맥·자연스러움 집중 검토,,91.04704097116844,65.9,P2,앞뒤 5블록·사진·오류 기억을 함께 검토
ADN-622,사진 대조 1차 교정본,529,"01:44:24,130 --> 01:44:26,810",2.68,그걸로 엄마가 된 줄 아냐…,무리하지 마…,그만해.,반응형,,0.03,,,25.0,90.0,50.0,78.0,75.0,0.77642,0.0,66.0,0.0,0.0,0.2059,엄마가 닦아줬었어? 응.,어릴 때 엄마가 닦아 줬어? 응.,일본어 원문 대조 + 자연스러운 한국어 대사 교정,47.67,T3,화자·문맥·자연스러움 집중 검토,,90.89529590288315,65.82,P2,앞뒤 5블록·사진·오류 기억을 함께 검토
ADN-622,사진 대조 1차 교정본,35,"00:06:09,280 --> 00:06:11,940",2.66,유우 군 학원에서 연락이 왔어.,네.,최근 무단결석이 이어지고 있나 봐.,반응형,,0.02,,,25.0,90.0,50.0,78.0,75.0,0.7754,0.0,66.0,0.0,0.0,0.1301,깊이 들어왔어.,엄청 깊이 들어갔어.,손상된 일본어 ASR + 타임스탬프 사진 + 앞뒤 문맥 추론,47.63,T3,화자·문맥·자연스러움 집중 검토,,90.74355083459787,65.74,P2,앞뒤 5블록·사진·오류 기억을 함께 검토
ADN-622,사진 대조 1차 교정본,423,"01:19:38,800 --> 01:19:41,300",2.5,"유우 군, 학원 늦겠어.","그치?
네.","저기, 잠깐 이리 와봐. 빨아 줘.",반응형,,0.0,,,25.0,90.0,50.0,78.0,75.0,0.77386,0.0,66.0,0.0,0.0,0.4398,"머, 뭐 하는 거야? 학원은? 늦겠어.","뭐, 뭐 하는 거야? 학원은? 늦겠어.",오탈자 및 줄바꿈 교정,47.56,T3,화자·문맥·자연스러움 집중 검토,,90.59180576631259,65.63,P2,앞뒤 5블록·사진·오류 기억을 함께 검토
ADN-622,사진 대조 1차 교정본,359,"01:00:32,090 --> 01:00:33,630",1.54,그런 말 하지 마.,어느 쪽이 좋아요?,거기 흠칫거리며 떨고 있잖아요.,반말형,,0.01,,,25.0,90.0,50.0,78.0,75.0,0.73044,9.78,66.0,0.0,0.0,0.7315,하지 마.,잠깐만.,손상된 일본어 ASR + 타임스탬프 사진 + 앞뒤 문맥 추론,47.5,T3,화자·문맥·자연스러움 집중 검토,,90.44006069802731,65.53,P2,앞뒤 5블록·사진·오류 기억을 함께 검토
ADN-622,사진 대조 1차 교정본,79,"00:10:39,390 --> 00:10:40,510",1.12,"계속해, 어서.",그만해.,잠깐만… 그만해.,반응형,,0.01,,,25.0,90.0,50.0,78.0,75.0,0.77112,0.0,66.0,0.0,0.0,0.263,계속해서…,그대로 계속해.,손상된 일본어 ASR + 타임스탬프 사진 + 앞뒤 문맥 추론,47.45,T3,화자·문맥·자연스러움 집중 검토,,90.2124430955994,65.41,P2,앞뒤 5블록·사진·오류 기억을 함께 검토
ADN-622,사진 대조 1차 교정본,444,"01:22:07,250 --> 01:22:12,890",5.64,엄마라면 이 정도는 해 줘야지.,상관없어. 짜증 나게 굴지 마.,하지만 진정해.,반말형,,0.05,,,25.0,90.0,50.0,78.0,75.0,0.77129,0.0,66.0,0.0,0.0,0.1011,좀 더 해 줘.,보여?,일본어 원문 + 타임스탬프 사진 + 장면 연속성,47.45,T3,화자·문맥·자연스러움 집중 검토,,90.2124430955994,65.41,P2,앞뒤 5블록·사진·오류 기억을 함께 검토
ADN-622,사진 대조 1차 교정본,256,"00:40:37,800 --> 00:40:42,020",4.22,사실은 남자가 생겨서 도망친 거야.,병원에서 죽었다고 해 뒀지만 그건 거짓말이야.,어린 유우를 버려두고…,반말형,,0.0,,,25.0,90.0,50.0,78.0,75.0,0.77103,0.0,66.0,0.0,0.0,0.2411,싫은 거야.,싫어?,일본어 원문 대조 + 자연스러운 한국어 대사 교정,47.44,T3,화자·문맥·자연스러움 집중 검토,,89.98482549317147,65.31,P2,앞뒤 5블록·사진·오류 기억을 함께 검토
ADN-622,사진 대조 1차 교정본,603,"01:58:49,160 --> 01:58:55,300",6.14,"학원은 꼭 가야 해.
아빠를 너무 힘들게 하지 마.",가만히 있어.,"그 얘기 좀 그만해.
학원이든 회사든 알 바 아니라고.",반말형,,0.04,,,25.0,90.0,50.0,78.0,75.0,0.76751,0.0,66.0,0.0,0.0,0.3475,하지 마.,잠깐만.,손상된 일본어 ASR + 타임스탬프 사진 + 앞뒤 문맥 추론,47.3,T3,화자·문맥·자연스러움 집중 검토,,89.83308042488619,65.16,P2,앞뒤 5블록·사진·오류 기억을 함께 검토
ADN-622,사진 대조 1차 교정본,583,"01:54:07,200 --> 01:54:07,300",0.1,피가 섞인 것 같아.,"아, 이건 너무 기분 좋아…","빨리, 빨리.",반응형,,0.0,,,25.0,90.0,50.0,78.0,75.0,0.60017,0.0,66.0,70.0,0.0,0.49,갈 것 같아.,진짜 갈 것 같아.,일본어 원문 대조 + 자연스러운 한국어 대사 교정,47.27,T3,화자·문맥·자연스러움 집중 검토,high_cps,89.68133535660091,65.08,P2,앞뒤 5블록·사진·오류 기억을 함께 검토
ADN-622,사진 대조 1차 교정본,54,"00:07:57,620 --> 00:07:59,020",1.4,"잠깐, 하지 마.","피도 안 섞였으면서
엄마인 척 유세 떨지 마.",그만해.,반응형,,0.02,,,25.0,90.0,50.0,78.0,75.0,0.73775,6.45,66.0,0.0,0.0,0.7037,하지 마.,잠깐만.,손상된 일본어 ASR + 타임스탬프 사진 + 앞뒤 문맥 추론,47.21,T3,화자·문맥·자연스러움 집중 검토,,89.52959028831563,64.98,P2,앞뒤 5블록·사진·오류 기억을 함께 검토
ADN-622,사진 대조 1차 교정본,260,"00:41:06,800 --> 00:41:09,920",3.12,녀석은 애정에 굶주려 있어.,"하지만 오히려 외롭게
만들어 버린 거겠지.","난 줄곧 피해왔기 때문에
어떻게 대해야 할지 모르겠어.",반응형,,0.0,,,25.0,90.0,50.0,78.0,75.0,0.76439,0.0,66.0,0.0,0.0,0.22,뒤에 있어.,뒤쪽도 보여 줘.,일본어 원문 대조 + 자연스러운 한국어 대사 교정,47.16,T3,화자·문맥·자연스러움 집중 검토,,89.37784522003035,64.89,P2,앞뒤 5블록·사진·오류 기억을 함께 검토
ADN-622,사진 대조 1차 교정본,330,"00:52:48,450 --> 00:52:50,310",1.86,엄청 떨고 있잖아.,난 괜찮아.,"그럼 조용히, 조용히 보여 줘.",반응형,,0.05,,,25.0,90.0,50.0,78.0,75.0,0.76216,0.0,66.0,0.0,0.0,0.6228,엄청 느끼고 있잖아.,엄청 좋아하잖아.,,47.07,T3,화자·문맥·자연스러움 집중 검토,,89.22610015174507,64.78,P2,앞뒤 5블록·사진·오류 기억을 함께 검토
ADN-622,사진 대조 1차 교정본,405,"01:12:08,800 --> 01:12:10,380",1.58,전혀 안 격해.,갑자기 오면 어쩌려고?,"봐봐, 안 들키잖아.",반말형,,0.0,,,25.0,90.0,50.0,78.0,79.0,0.75351,0.0,66.0,0.0,0.0,0.3139,숨은 전혀 안 차네.,아직 전혀 안 취했네.,사진 장면 확인 및 한국어 번역투·ASR 오역 교정,46.95,T3,화자·문맥·자연스러움 집중 검토,,89.07435508345979,64.64,P2,앞뒤 5블록·사진·오류 기억을 함께 검토
ADN-622,사진 대조 1차 교정본,39,"00:06:19,200 --> 00:06:21,180",1.98,"여보, 당신이 유우한테 물어봐 주면 안 돼?",그래?,"이런 건 엄마인 네가 말하는 게 낫지.
네가 잘 얘기해 줘.",중립·혼합형,,0.0,,,25.0,90.0,50.0,78.0,75.0,0.75891,0.0,66.0,0.0,0.0,0.191,유두는 안 돼?,젖꼭지는 안 돼?,,46.93,T3,화자·문맥·자연스러움 집중 검토,,88.92261001517451,64.57,P2,앞뒤 5블록·사진·오류 기억을 함께 검토
ADN-622,사진 대조 1차 교정본,472,"01:31:36,230 --> 01:31:37,070",0.84,말하지 않아도 할 수 있잖아.,내가 할 테니까.,말하지 않아도 할 수 있잖아.,반응형,,0.03,,,25.0,90.0,50.0,78.0,75.0,0.75733,0.0,66.0,0.0,0.0,0.4368,서 있잖아.,완전히 서 있잖아.,일본어 원문 대조 + 자연스러운 한국어 대사 교정,46.87,T3,화자·문맥·자연스러움 집중 검토,,88.77086494688923,64.47,P2,앞뒤 5블록·사진·오류 기억을 함께 검토
ADN-622,사진 대조 1차 교정본,420,"01:18:14,180 --> 01:18:15,260",1.08,너무 많이 쌌나 봐.,"하아, 하아…","- 셋이 같이 카레 먹으니까 맛있네.
- 그러게요.",중립·혼합형,,0.02,,,25.0,90.0,50.0,78.0,75.0,0.75476,0.0,66.0,0.0,0.0,0.3719,너무 많이 지워 버렸어.,엄청 젖어 버렸어.,사진 장면 확인 및 한국어 번역투·ASR 오역 교정,46.76,T3,화자·문맥·자연스러움 집중 검토,,88.61911987860395,64.34,P2,앞뒤 5블록·사진·오류 기억을 함께 검토
ADN-622,사진 대조 1차 교정본,311,"00:48:55,740 --> 00:48:56,620",0.88,핥아 줘.,오늘 아침에 약속했잖아.,하지만…,반응형,,0.04,,,25.0,90.0,50.0,78.0,79.0,0.74805,0.0,66.0,0.0,0.0,0.5011,빨리 핥아 봐.,빨리 핥아 줘.,화자 말투 자연화,46.72,T3,화자·문맥·자연스러움 집중 검토,,88.46737481031866,64.25,P2,앞뒤 5블록·사진·오류 기억을 함께 검토
ADN-622,사진 대조 1차 교정본,453,"01:24:31,720 --> 01:24:32,960",1.24,짜증 나게 하지 말고.,"자, 더 해 줘. 어서.",이렇게 해야지.,반말형,,0.02,,,25.0,90.0,50.0,78.0,75.0,0.75362,0.0,66.0,0.0,0.0,0.2605,하지 마.,잠깐만.,손상된 일본어 ASR + 타임스탬프 사진 + 앞뒤 문맥 추론,46.71,T3,화자·문맥·자연스러움 집중 검토,,88.31562974203338,64.18,P2,앞뒤 5블록·사진·오류 기억을 함께 검토
ADN-622,사진 대조 1차 교정본,214,"00:31:17,220 --> 00:31:17,420",0.2,갈 것 같아.,대박…,으응…,반응형,,0.02,,,25.0,90.0,50.0,78.0,75.0,0.44223,42.0,66.0,55.0,0.0,1.0,갈 것 같아.,진짜 갈 것 같아.,일본어 원문 대조 + 자연스러운 한국어 대사 교정,46.69,T3,화자·문맥·자연스러움 집중 검토,high_cps,88.1638846737481,64.11,P2,앞뒤 5블록·사진·오류 기억을 함께 검토
ADN-622,사진 대조 1차 교정본,225,"00:35:54,170 --> 00:35:55,490",1.32,혀 더 내밀어봐.,네 잘못이라고.,미안하다고 할 거면 혀 내밀어봐.,반응형,,0.03,,,25.0,90.0,50.0,78.0,79.0,0.74667,0.0,66.0,0.0,0.0,0.5628,"자, 혀를 조금 내밀어봐...","자, 혀를 조금 내밀어봐…",,46.66,T3,화자·문맥·자연스러움 집중 검토,,88.01213960546282,64.03,P2,앞뒤 5블록·사진·오류 기억을 함께 검토
ADN-622,사진 대조 1차 교정본,217,"00:31:32,950 --> 00:31:36,210",3.26,"더, 더 빨아 줘.","오, 대단해.","아직 안 돼, 아직이라니까…",반응형,,0.05,,,25.0,90.0,50.0,78.0,75.0,0.75179,0.0,66.0,0.0,0.0,0.5811,"더, 더 핥게 해 줘.","더 깊이, 더 깨끗이 핥아.",사진 장면 확인 및 한국어 번역투·ASR 오역 교정,46.64,T3,화자·문맥·자연스러움 집중 검토,,87.86039453717754,63.95,P2,앞뒤 5블록·사진·오류 기억을 함께 검토
ADN-622,사진 대조 1차 교정본,487,"01:36:29,480 --> 01:36:30,700",1.22,소리 좀 내봐.,쿠미 씨.,잠깐…,중립·혼합형,,0.02,,,25.0,90.0,50.0,78.0,75.0,0.75148,0.0,66.0,0.0,0.0,0.2557,그런 소리 하지 마...,그런 소리 하지 마…,,46.62,T3,화자·문맥·자연스러움 집중 검토,,87.63277693474963,63.85,P2,앞뒤 5블록·사진·오류 기억을 함께 검토
ADN-622,사진 대조 1차 교정본,596,"01:57:58,450 --> 01:57:59,330",0.88,엄청 젖었어.,끝내준다.,이건 어때?,반응형,,0.05,,,25.0,90.0,50.0,78.0,79.0,0.74567,0.0,66.0,0.0,0.0,0.5286,배까지 젖었어. 엄청나졌어.,배까지 다 젖었어.,일본어 원문 대조 + 자연스러운 한국어 대사 교정,46.62,T3,화자·문맥·자연스러움 집중 검토,,87.63277693474963,63.85,P2,앞뒤 5블록·사진·오류 기억을 함께 검토
ADN-622,사진 대조 1차 교정본,331,"00:53:46,220 --> 00:53:48,760",2.54,"그럼 조용히, 조용히 보여 줘.",엄청 떨고 있잖아.,쉽게 안 들킬 테니까.,중립·혼합형,,0.02,,,25.0,90.0,50.0,78.0,75.0,0.75127,0.0,66.0,0.0,0.0,0.2485,입 안을 보여 줘.,입 안 보여 줘.,일본어 원문 대조 + 자연스러운 한국어 대사 교정,46.61,T3,화자·문맥·자연스러움 집중 검토,,87.4051593323217,63.74,P2,앞뒤 5블록·사진·오류 기억을 함께 검토
ADN-622,사진 대조 1차 교정본,290,"00:46:32,320 --> 00:46:34,200",1.88,잡혀 있던 회의가 미뤄졌어.,오늘 늦는 거 아니었어요?,그래요?,반응형,,0.02,,,25.0,90.0,50.0,78.0,79.0,0.74364,0.0,66.0,0.0,0.0,0.2593,예정되었던 회의가 연기됐어.,잡혀 있던 회의가 미뤄졌어.,,46.53,T3,화자·문맥·자연스러움 집중 검토,,87.25341426403642,63.63,P2,앞뒤 5블록·사진·오류 기억을 함께 검토
ADN-622,사진 대조 1차 교정본,278,"00:44:44,230 --> 00:44:45,890",1.66,더 이상 이러면 아빠한테 말할 거야.,아줌마도 이걸 원해서 이러는 거지.,"학원 빼먹고 친구들이랑
노는 데 돈이 필요해.",반말형,,0.03,,,25.0,90.0,50.0,78.0,75.0,0.74881,0.0,66.0,0.0,0.0,0.2535,싫은 거야.,싫어?,일본어 원문 대조 + 자연스러운 한국어 대사 교정,46.51,T3,화자·문맥·자연스러움 집중 검토,,87.0257966616085,63.53,P2,앞뒤 5블록·사진·오류 기억을 함께 검토
ADN-622,사진 대조 1차 교정본,635,"02:10:09,470 --> 02:10:12,830",3.36,"유우 군도 노력해 줘, 어서.",열심히 해 줄 거지?,같이…,반응형,,0.03,,,25.0,90.0,50.0,78.0,75.0,0.74873,0.0,66.0,0.0,0.0,0.1539,그럼 네가 갈 수 있게 내가 노력해볼게.,그럼 네가 갈 수 있게 내가 노력해 볼게.,,46.51,T3,화자·문맥·자연스러움 집중 검토,,87.0257966616085,63.53,P2,앞뒤 5블록·사진·오류 기억을 함께 검토
ADN-622,사진 대조 1차 교정본,134,"00:18:42,470 --> 00:18:44,990",2.52,"이것 봐, 이 안도 보여 줘.","천천히, 진정해…
정말 왜 이러니.",더 이상은 안 돼.,중립·혼합형,,0.03,,,25.0,90.0,50.0,78.0,75.0,0.74866,0.0,66.0,0.0,0.0,0.3229,입 안을 보여 줘.,입 안 보여 줘.,일본어 원문 대조 + 자연스러운 한국어 대사 교정,46.5,T3,화자·문맥·자연스러움 집중 검토,,86.79817905918058,63.43,P2,앞뒤 5블록·사진·오류 기억을 함께 검토
ADN-622,사진 대조 1차 교정본,261,"00:41:11,540 --> 00:41:18,320",6.78,"난 줄곧 피해왔기 때문에
어떻게 대해야 할지 모르겠어.",녀석은 애정에 굶주려 있어.,어라?,반말형,,0.04,,,25.0,90.0,50.0,78.0,75.0,0.74639,0.0,66.0,0.0,0.0,0.2322,오늘 왜 이러는지 나도 모르겠어...,오늘 왜 이러는지 나도 모르겠어…,,46.41,T3,화자·문맥·자연스러움 집중 검토,,86.6464339908953,63.31,P2,앞뒤 5블록·사진·오류 기억을 함께 검토
ADN-622,사진 대조 1차 교정본,443,"01:21:55,800 --> 01:21:57,760",1.96,상관없어. 짜증 나게 굴지 마.,"그만하자, 이런 건.
유우 군에게 좋지 않으니까.",엄마라면 이 정도는 해 줘야지.,반응형,,0.0,,,25.0,90.0,50.0,78.0,75.0,0.74483,0.0,66.0,0.0,0.0,0.2342,하지 마.,잠깐만.,손상된 일본어 ASR + 타임스탬프 사진 + 앞뒤 문맥 추론,46.34,T3,화자·문맥·자연스러움 집중 검토,,86.49468892261002,63.2,P2,앞뒤 5블록·사진·오류 기억을 함께 검토
ADN-622,사진 대조 1차 교정본,618,"02:02:15,390 --> 02:02:17,990",2.6,"많이 해 줘, 잔뜩 해 줘.","움직여 줘. 뭐든 다 해준다며.
노력하겠다고 했잖아.",움직이라고.,반말형,,0.01,,,25.0,90.0,50.0,78.0,75.0,0.74195,0.0,66.0,0.0,0.0,0.3972,좀 더 해 줘.,보여?,일본어 원문 + 타임스탬프 사진 + 장면 연속성,46.22,T3,화자·문맥·자연스러움 집중 검토,,86.34294385432474,63.07,P2,앞뒤 5블록·사진·오류 기억을 함께 검토
ADN-622,사진 대조 1차 교정본,642,"02:11:44,180 --> 02:11:44,820",0.64,기분 좋지?,노력할게.,"쿠미 씨, 잔뜩 싸게 해 줘.",반말형,,0.02,,,25.0,90.0,50.0,78.0,75.0,0.56149,42.0,66.0,0.0,0.0,1.0,기분 좋지?,흥분되면 말해 봐.,화면 영문 자막 대조,46.2,T3,화자·문맥·자연스러움 집중 검토,,86.19119878603946,63.0,P2,앞뒤 5블록·사진·오류 기억을 함께 검토
ADN-622,사진 대조 1차 교정본,52,"00:07:40,500 --> 00:07:44,640",4.14,"난 엄마로서 유우 군이
잘못된 길로 가지 않길 바랄 뿐이야.",아줌마랑은 상관없어.,"피도 안 섞였으면서
엄마인 척 유세 떨지 마.",반말형,,0.0,,,25.0,90.0,50.0,78.0,75.0,0.73961,0.0,66.0,0.0,0.0,0.1014,유두 말이야.,젖꼭지 말이야.,,46.12,T3,화자·문맥·자연스러움 집중 검토,,86.03945371775417,62.89,P2,앞뒤 5블록·사진·오류 기억을 함께 검토
ADN-622,사진 대조 1차 교정본,477,"01:33:15,210 --> 01:33:35,730",20.52,아빠한테는 왜 이런 짓을…,"아들의 소원이니까.
엄마잖아. 어서 해 줘.","아빠하고도 했잖아.
자, 더, 더 해 줘.",반응형,,0.01,,,25.0,90.0,50.0,78.0,75.0,0.73816,0.0,66.0,0.0,0.0,0.1316,이런 거 좋아하지?,묶여 있는 거 좋아하지?,,46.06,T3,화자·문맥·자연스러움 집중 검토,,85.88770864946889,62.79,P2,앞뒤 5블록·사진·오류 기억을 함께 검토
ADN-622,사진 대조 1차 교정본,106,"00:15:10,840 --> 00:15:37,690",26.85,"저기, 잠깐만… 그만해.",들켜버려.,"괜찮잖아, 괜찮잖아.",반응형,,0.04,장면과 충돌한 긴 반복 자막 교정,중간,38.0,90.0,50.0,78.0,62.0,0.82495,0.0,48.0,0.0,0.0,0.6177,잠깐만…,나만 벗는 거야?,일본어 원문 + 타임스탬프 사진 + 장면 연속성,46.05,T3,화자·문맥·자연스러움 집중 검토,,85.73596358118361,62.72,P2,앞뒤 5블록·사진·오류 기억을 함께 검토
ADN-622,사진 대조 1차 교정본,66,"00:09:12,840 --> 00:09:15,020",2.18,"조용히 해, 시끄러우니까.",시끄러워. 시끄러워.,뽀뽀하게 해 줘.,반말형,,0.04,,,25.0,90.0,50.0,78.0,75.0,0.73614,0.0,66.0,0.0,0.0,0.2067,시끄러워.,넣고 싶어.,,45.98,T3,화자·문맥·자연스러움 집중 검토,,85.58421851289833,62.61,P2,앞뒤 5블록·사진·오류 기억을 함께 검토
ADN-622,사진 대조 1차 교정본,321,"00:49:31,900 --> 00:49:32,260",0.36,잠깐…,잠깐만.,"쿠미 씨, 여기서 이러면 들켜.",반응형,,0.0,,,25.0,90.0,50.0,78.0,75.0,0.55514,42.0,66.0,0.0,0.0,1.0,잠깐…,그리고…,일본어 원문 대조 + 자연스러운 한국어 대사 교정,45.94,T3,화자·문맥·자연스러움 집중 검토,,85.43247344461305,62.53,P2,앞뒤 5블록·사진·오류 기억을 함께 검토
ADN-622,사진 대조 1차 교정본,463,"01:27:37,360 --> 01:27:49,220",11.86,"아, 그래. 깊숙이 해야지, 자.","- 열심히 할게… - 전혀 안 좋거든.
더 깊이 넣어, 어서.",더. 어서 해달라고.,반응형,,0.04,,,25.0,90.0,50.0,78.0,75.0,0.73508,0.0,66.0,0.0,0.0,0.513,"아, 그래.",간다.,화면 영문 자막 대조,45.93,T3,화자·문맥·자연스러움 집중 검토,,85.28072837632777,62.46,P2,앞뒤 5블록·사진·오류 기억을 함께 검토
ADN-622,사진 대조 1차 교정본,111,"00:16:09,660 --> 00:16:11,720",2.06,"이쪽도, 어서.","아니야. 잠깐만, 하지 마.","조금만 더, 잠깐만.",반응형,,0.04,,,25.0,90.0,50.0,78.0,75.0,0.73481,0.0,66.0,0.0,0.0,0.2105,이쪽도 보여주세요.,이쪽도 보여 줘.,화자 말투 통일,45.92,T3,화자·문맥·자연스러움 집중 검토,,85.12898330804249,62.39,P2,앞뒤 5블록·사진·오류 기억을 함께 검토
ADN-622,사진 대조 1차 교정본,19,"00:02:37,990 --> 00:02:40,150",2.16,그렇구나. 그래도 아직 시간은 있으니까.,아버지가 가라고 해서 다니는 것뿐이에요.,차 마실래?,반응형,,0.01,,,25.0,90.0,50.0,78.0,75.0,0.73313,0.0,66.0,0.0,0.0,0.5514,그렇구나.,손 정말 잘 쓰네.,일본어 원문 + 타임스탬프 사진 + 장면 연속성,45.85,T3,화자·문맥·자연스러움 집중 검토,,84.90136570561457,62.25,P2,앞뒤 5블록·사진·오류 기억을 함께 검토
ADN-622,사진 대조 1차 교정본,574,"01:52:47,450 --> 01:52:47,930",0.48,기분 좋아.,따뜻해.,하아…,반응형,,0.05,,,25.0,90.0,50.0,78.0,75.0,0.55319,42.0,66.0,0.0,0.0,1.0,기분 좋아.,"아, 좋아.",화면 영문 자막 대조,45.85,T3,화자·문맥·자연스러움 집중 검토,,84.90136570561457,62.25,P2,앞뒤 5블록·사진·오류 기억을 함께 검토
ADN-622,사진 대조 1차 교정본,604,"01:58:56,100 --> 01:59:03,140",7.04,"그 얘기 좀 그만해.
학원이든 회사든 알 바 아니라고.","학원은 꼭 가야 해.
아빠를 너무 힘들게 하지 마.",안 돼. 더 노력할 테니까.,반말형,,0.0,,,25.0,90.0,50.0,78.0,75.0,0.7325,0.0,66.0,0.0,0.0,0.2977,"안 돼, 그만해.","배 아파, 그만해.",,45.82,T3,화자·문맥·자연스러움 집중 검토,,84.67374810318664,62.14,P2,앞뒤 5블록·사진·오류 기억을 함께 검토
ADN-622,사진 대조 1차 교정본,218,"00:32:25,640 --> 00:32:28,360",2.72,"아직 안 돼, 아직이라니까…","더, 더 빨아 줘.","으음, 으음…",반응형,,0.04,,,25.0,90.0,50.0,78.0,75.0,0.73098,0.0,66.0,0.0,0.0,0.227,"아직, 아직 잘 거지?",아직 갈 수 있지?,사진 장면 확인 및 한국어 번역투·ASR 오역 교정,45.76,T3,화자·문맥·자연스러움 집중 검토,,84.44613050075873,62.01,P2,앞뒤 5블록·사진·오류 기억을 함께 검토
ADN-622,사진 대조 1차 교정본,407,"01:12:52,490 --> 01:12:53,790",1.3,"아니, 조용히 가 버려…","봐봐, 안 들키잖아.","잠깐, 키스해 줘.",반응형,,0.01,,,25.0,90.0,50.0,78.0,75.0,0.73097,0.0,66.0,0.0,0.0,0.2896,"아니, 뜨거워.",몸이 뜨거워.,손상된 일본어 ASR + 타임스탬프 사진 + 앞뒤 문맥 추론,45.76,T3,화자·문맥·자연스러움 집중 검토,,84.44613050075873,62.01,P2,앞뒤 5블록·사진·오류 기억을 함께 검토
ADN-622,사진 대조 1차 교정본,428,"01:20:16,340 --> 01:20:19,980",3.64,쿠미 씨 어머니도 병으로 돌아가셨어?,흐응.,외도하고 날 두고 집을 나가셨어.,반응형,,0.04,,,25.0,90.0,50.0,78.0,75.0,0.7288,0.0,66.0,0.0,0.0,0.1378,두 번째 자세로 다시 돌아가 주세요.,두 번째 자세로 다시 해 주세요.,사진 속 자세 전환에 맞게 간결화,45.67,T3,화자·문맥·자연스러움 집중 검토,,84.2185128983308,61.86,P2,앞뒤 5블록·사진·오류 기억을 함께 검토
ADN-622,사진 대조 1차 교정본,68,"00:09:20,880 --> 00:09:22,420",1.54,뽀뽀하게 해 줘.,뽀뽀하게 해 줘.,어!?,반말형,,0.02,,,25.0,90.0,50.0,78.0,75.0,0.72756,0.0,66.0,0.0,0.0,0.3085,좀 더 해 줘.,보여?,일본어 원문 + 타임스탬프 사진 + 장면 연속성,45.62,T3,화자·문맥·자연스러움 집중 검토,,84.06676783004552,61.77,P2,앞뒤 5블록·사진·오류 기억을 함께 검토
ADN-622,사진 대조 1차 교정본,474,"01:32:14,580 --> 01:32:18,040",3.46,"아들이 하는 말이면
뭐든 들을 수 있잖아.",말하지 않아도 할 수 있잖아.,아들 마음도 좀 헤아려 줘.,중립·혼합형,,0.02,,,25.0,90.0,50.0,78.0,75.0,0.72743,0.0,66.0,0.0,0.0,0.3487,서 있잖아.,완전히 서 있잖아.,일본어 원문 대조 + 자연스러운 한국어 대사 교정,45.61,T3,화자·문맥·자연스러움 집중 검토,,83.91502276176024,61.7,P2,앞뒤 5블록·사진·오류 기억을 함께 검토
ADN-622,사진 대조 1차 교정본,277,"00:44:38,610 --> 00:44:41,270",2.66,아줌마도 이걸 원해서 이러는 거지.,이제 그만해.,더 이상 이러면 아빠한테 말할 거야.,반응형,,0.01,,,25.0,90.0,50.0,78.0,75.0,0.72541,0.0,66.0,0.0,0.0,0.3586,잘 거지.,갈 수 있어.,사진 장면 확인 및 한국어 번역투·ASR 오역 교정,45.53,T3,화자·문맥·자연스러움 집중 검토,,83.76327769347496,61.59,P2,앞뒤 5블록·사진·오류 기억을 함께 검토
ADN-622,사진 대조 1차 교정본,455,"01:24:54,920 --> 01:24:57,740",2.82,"열심히 해야지. 깊숙이, 자.",이렇게 해야지.,"열심히 하하겠다며, 어서.",반말형,,0.02,,,25.0,90.0,50.0,78.0,75.0,0.72449,0.0,66.0,0.0,0.0,0.2658,잘 자.,조금만 천천히…,타임스탬프 사진으로 장면 불일치 확인 후 재복원,45.49,T3,화자·문맥·자연스러움 집중 검토,,83.61153262518968,61.5,P2,앞뒤 5블록·사진·오류 기억을 함께 검토
ADN-622,사진 대조 1차 교정본,448,"01:23:01,310 --> 01:23:04,090",2.78,"저기, 엄마가 될 거라며.","아, 끝내준다.",그러니까 깊숙이 빨아 줘.,중립·혼합형,,0.01,,,25.0,90.0,50.0,78.0,75.0,0.72362,0.0,66.0,0.0,0.0,0.2503,"저, 저기, 잠깐만 쉬게 해 주세요.","저기, 잠깐만… 그만해.",장면과 충돌한 긴 반복 자막 교정,45.45,T3,화자·문맥·자연스러움 집중 검토,,83.4597875569044,61.41,P2,앞뒤 5블록·사진·오류 기억을 함께 검토
ADN-622,사진 대조 1차 교정본,501,"01:37:58,850 --> 01:38:03,630",4.78,"안 돼. 한 번뿐인 인생인데 막 살면 안 되지.
엄마랑 같이 다시 해 보자.",딱히.,"포기하면 안 돼.
엄마랑 함께 노력해 보자.",반말형,,0.05,,,25.0,90.0,50.0,78.0,75.0,0.72117,0.0,66.0,0.0,0.0,0.262,한번 보자.,밖을 봐 보자.,일본어 원문 + 타임스탬프 사진 + 장면 연속성,45.35,T3,화자·문맥·자연스러움 집중 검토,,83.30804248861912,61.29,P2,앞뒤 5블록·사진·오류 기억을 함께 검토
ADN-622,사진 대조 1차 교정본,329,"00:52:12,600 --> 00:52:14,240",1.64,난 괜찮아.,들킨다니까.,엄청 떨고 있잖아.,반응형,,0.0,,,25.0,90.0,50.0,78.0,75.0,0.60373,27.16,66.0,0.0,0.0,0.8764,괜찮아.,최고예요.,화면 영문 자막 대조,45.31,T3,화자·문맥·자연스러움 집중 검토,,83.15629742033383,61.21,P2,앞뒤 5블록·사진·오류 기억을 함께 검토
ADN-622,사진 대조 1차 교정본,429,"01:20:22,820 --> 01:20:25,600",2.78,외도하고 날 두고 집을 나가셨어.,쿠미 씨 어머니도 병으로 돌아가셨어?,지독한 엄마네.,반응형,,0.02,,,25.0,90.0,50.0,78.0,75.0,0.71921,0.0,66.0,0.0,0.0,0.0993,이렇게 귀여운 여자를 혼자 두고 가버리려고?,이렇게 귀여운 여자를 혼자 두고 가 버리려고?,,45.27,T3,화자·문맥·자연스러움 집중 검토,,83.00455235204855,61.12,P2,앞뒤 5블록·사진·오류 기억을 함께 검토
ADN-622,사진 대조 1차 교정본,456,"01:25:06,580 --> 01:25:07,780",1.2,"열심히 하하겠다며, 어서.","열심히 해야지. 깊숙이, 자.",더 해달라고.,반응형,,0.02,,,25.0,90.0,50.0,78.0,75.0,0.71864,0.0,66.0,0.0,0.0,0.2694,열심히 하겠습니다.,힘내 볼게요.,,45.24,T3,화자·문맥·자연스러움 집중 검토,,82.77693474962064,61.01,P2,앞뒤 5블록·사진·오류 기억을 함께 검토
ADN-622,사진 대조 1차 교정본,573,"01:52:47,370 --> 01:52:47,450",0.08,따뜻해.,"따뜻해, 너무 따뜻해.",기분 좋아.,반말형,,0.03,,,25.0,90.0,50.0,78.0,75.0,0.37193,42.0,66.0,70.0,0.0,1.0,따뜻해.,안 돼.,일본어 원문 + 타임스탬프 사진 + 장면 연속성,45.24,T3,화자·문맥·자연스러움 집중 검토,high_cps,82.77693474962064,61.01,P2,앞뒤 5블록·사진·오류 기억을 함께 검토
ADN-622,사진 대조 1차 교정본,53,"00:07:46,580 --> 00:07:50,200",3.62,"피도 안 섞였으면서
엄마인 척 유세 떨지 마.","난 엄마로서 유우 군이
잘못된 길로 가지 않길 바랄 뿐이야.","잠깐, 하지 마.",반말형,,0.02,,,25.0,90.0,50.0,78.0,75.0,0.71785,0.0,66.0,0.0,0.0,0.1907,하지 마.,잠깐만.,손상된 일본어 ASR + 타임스탬프 사진 + 앞뒤 문맥 추론,45.21,T3,화자·문맥·자연스러움 집중 검토,,82.54931714719271,60.89,P2,앞뒤 5블록·사진·오류 기억을 함께 검토
ADN-622,사진 대조 1차 교정본,285,"00:45:34,860 --> 00:45:38,600",3.74,"오늘은 꼭 학원에 가.
그러면 해 줄게.","자, 빨아 줘.",엄마인 척 꼴사납게 굴지 마.,반말형,,0.04,,,25.0,90.0,50.0,78.0,75.0,0.71729,0.0,66.0,0.0,0.0,0.2595,내가 잡아 줄게.,목욕하면서…,일본어 원문 + 타임스탬프 사진 + 장면 연속성,45.19,T3,화자·문맥·자연스러움 집중 검토,,82.39757207890743,60.82,P2,앞뒤 5블록·사진·오류 기억을 함께 검토
ADN-622,사진 대조 1차 교정본,555,"01:49:45,570 --> 01:49:47,430",1.86,대체 뭘 노력한다는 건데?,엄마가 노력할 테니까…,나를 이렇게 만들어놓고…,중립·혼합형,,0.03,,,25.0,90.0,50.0,78.0,75.0,0.71689,0.0,66.0,0.0,0.0,0.2259,대체 진짜...,대체 진짜…,,45.17,T3,화자·문맥·자연스러움 집중 검토,,82.24582701062215,60.74,P2,앞뒤 5블록·사진·오류 기억을 함께 검토
ADN-622,사진 대조 1차 교정본,397,"01:10:52,960 --> 01:10:54,120",1.16,다음엔 뭐 하고 싶어?,기대되네.,다음엔 뭐 하고 싶어?,반응형,,0.04,,,25.0,90.0,50.0,78.0,75.0,0.71536,0.0,66.0,0.0,0.0,0.4227,잘 빨고 싶어?,계속 빨고 싶어?,일본어 원문 대조 + 자연스러운 한국어 대사 교정,45.11,T3,화자·문맥·자연스러움 집중 검토,,82.09408194233687,60.64,P2,앞뒤 5블록·사진·오류 기억을 함께 검토
ADN-622,사진 대조 1차 교정본,279,"00:44:48,990 --> 00:44:54,090",5.1,"학원 빼먹고 친구들이랑
노는 데 돈이 필요해.",더 이상 이러면 아빠한테 말할 거야.,"그동안 친구가 없었는데,
돈이 있으면 친하게 지내줘.",반말형,,0.01,,,25.0,90.0,50.0,78.0,79.0,0.7074,0.0,66.0,0.0,0.0,0.1443,솔직히 간절할 정도로 돈이 필요했다.,솔직히 나는 돈이 절실했다.,내레이션 자연화,45.01,T3,화자·문맥·자연스러움 집중 검토,,81.86646433990894,60.49,P2,앞뒤 5블록·사진·오류 기억을 함께 검토
ADN-622,사진 대조 1차 교정본,553,"01:49:36,510 --> 01:49:38,150",1.64,그런 생각 하지 마.,"망가지면 어때, 좋잖아.",엄마가 노력할 테니까…,반말형,,0.01,,,25.0,90.0,50.0,78.0,75.0,0.71306,0.0,66.0,0.0,0.0,0.6458,하지 마.,잠깐만.,손상된 일본어 ASR + 타임스탬프 사진 + 앞뒤 문맥 추론,45.01,T3,화자·문맥·자연스러움 집중 검토,,81.86646433990894,60.49,P2,앞뒤 5블록·사진·오류 기억을 함께 검토
ADN-622,사진 대조 1차 교정본,310,"00:48:52,880 --> 00:48:54,560",1.68,오늘 아침에 약속했잖아.,응.,핥아 줘.,반응형,,0.02,,,25.0,90.0,50.0,78.0,75.0,0.71247,0.0,66.0,0.0,0.0,0.2489,아침에 소리의 유혹...,[불명],,44.98,T3,화자·문맥·자연스러움 집중 검토,,81.63884673748103,60.38,P2,앞뒤 5블록·사진·오류 기억을 함께 검토
ADN-622,사진 대조 1차 교정본,112,"00:16:12,480 --> 00:16:14,380",1.9,"조금만 더, 잠깐만.","이쪽도, 어서.","잠깐, 잠깐만.",반응형,,0.02,,,25.0,90.0,50.0,78.0,75.0,0.70976,0.0,66.0,0.0,0.0,0.5282,하아… 잠깐만.,목욕물 받아 놓은 거지?,일본어 원문 + 타임스탬프 사진 + 장면 연속성,44.87,T3,화자·문맥·자연스러움 집중 검토,,81.48710166919575,60.25,P2,앞뒤 5블록·사진·오류 기억을 함께 검토
ADN-622,사진 대조 1차 교정본,254,"00:40:30,040 --> 00:40:32,220",2.18,유우를 낳은 어머니.,나와버렸어.,병원에서 죽었다고 해 뒀지만 그건 거짓말이야.,반응형,,0.04,,,25.0,90.0,50.0,78.0,75.0,0.7095,0.0,66.0,0.0,0.0,0.1454,"어머니, 핥아본 적 없지...",보지 핥아본 적 없지…,,44.86,T3,화자·문맥·자연스러움 집중 검토,,81.33535660091047,60.18,P2,앞뒤 5블록·사진·오류 기억을 함께 검토
ADN-622,사진 대조 1차 교정본,97,"00:13:10,120 --> 00:13:12,480",2.36,싫어. 전혀 안 됐어.,이제 됐지?,"우리 피 한 방울 안 섞였잖아.
무슨 소릴 하는 거야?",반응형,,0.02,,,25.0,90.0,50.0,78.0,79.0,0.70307,0.0,66.0,0.0,0.0,0.4222,"음-, 싫어.",음… 싫어.,,44.83,T3,화자·문맥·자연스러움 집중 검토,,81.18361153262519,60.1,P2,앞뒤 5블록·사진·오류 기억을 함께 검토
ADN-622,사진 대조 1차 교정본,172,"00:25:45,340 --> 00:25:49,100",3.76,"안 돼, 가 버릴 것 같아…","하아, 하아…","아, 하아…",중립·혼합형,,0.04,,,25.0,90.0,50.0,78.0,75.0,0.70824,0.0,66.0,0.0,0.0,0.4259,"싸버릴 것 같아, 싸 버릴 것 같아.","싸 버릴 것 같아, 싸 버릴 것 같아.",,44.81,T3,화자·문맥·자연스러움 집중 검토,,81.03186646433991,60.02,P2,앞뒤 5블록·사진·오류 기억을 함께 검토
ADN-622,사진 대조 1차 교정본,590,"01:56:27,680 --> 01:56:29,180",1.5,"자, 더 해달라고.","자, 더 해 줘.","벗어, 얼른.",반말형,,0.02,,,25.0,90.0,50.0,78.0,75.0,0.70753,0.0,66.0,0.0,0.0,0.254,"자, 더 해줄 테니까.","자, 더 해 줄 테니까.",,44.78,T3,화자·문맥·자연스러움 집중 검토,,80.88012139605463,59.94,P2,앞뒤 5블록·사진·오류 기억을 함께 검토
ADN-622,사진 대조 1차 교정본,80,"00:11:01,510 --> 00:11:12,740",11.23,잠깐만… 그만해.,"계속해, 어서.",보여 줘.,반응형,,0.01,장면과 충돌한 '쉬게 해 주세요' 교정,중간,38.0,90.0,50.0,78.0,62.0,0.75092,9.75,48.0,0.0,0.0,0.7313,잠깐만…,나만 벗는 거야?,일본어 원문 + 타임스탬프 사진 + 장면 연속성,44.69,T3,화자·문맥·자연스러움 집중 검토,,80.72837632776935,59.83,P2,앞뒤 5블록·사진·오류 기억을 함께 검토
ADN-622,사진 대조 1차 교정본,558,"01:50:52,970 --> 01:50:54,770",1.8,몸을 그렇게 흠칫거리면서…,어쩌자는 건데…,노력한다니…,중립·혼합형,,0.03,,,25.0,90.0,50.0,78.0,75.0,0.70067,0.0,66.0,0.0,0.0,0.1981,이렇게 몸을 빼 주세요.,이렇게 몸을 뒤로 빼 주세요.,동작 방향 명확화,44.49,T3,화자·문맥·자연스러움 집중 검토,,80.57663125948406,59.65,P2,앞뒤 5블록·사진·오류 기억을 함께 검토
ADN-622,사진 대조 1차 교정본,74,"00:09:54,830 --> 00:09:57,090",2.26,아빠가 아니라 돈이 목적인 거지?,어차피 돈 때문이잖아.,아니야…,반응형,,0.03,,,25.0,90.0,50.0,78.0,75.0,0.70047,0.0,66.0,0.0,0.0,0.3363,잘 거지?,갈 수 있지?,사진 장면 확인 및 한국어 번역투·ASR 오역 교정,44.48,T3,화자·문맥·자연스러움 집중 검토,,80.42488619119878,59.58,P2,앞뒤 5블록·사진·오류 기억을 함께 검토
ADN-622,사진 대조 1차 교정본,130,"00:18:24,890 --> 00:18:25,910",1.02,기분 좋지?,"쿠미 씨, 보여 줘.
진짜 보여달라고.",축축해진 거 아니야?,반말형,,0.01,,,25.0,90.0,50.0,78.0,75.0,0.52017,42.0,66.0,0.0,0.0,1.0,기분 좋지?,흥분되면 말해 봐.,화면 영문 자막 대조,44.47,T3,화자·문맥·자연스러움 집중 검토,,80.2731411229135,59.51,P2,앞뒤 5블록·사진·오류 기억을 함께 검토
ADN-622,사진 대조 1차 교정본,131,"00:18:27,070 --> 00:18:28,090",1.02,축축해진 거 아니야?,기분 좋지?,왜 이렇게 축축해?,반응형,,0.03,,,25.0,90.0,50.0,78.0,75.0,0.69801,0.0,66.0,0.0,0.0,0.4807,온천 아니야?,뭔가…,일본어 원문 + 타임스탬프 사진 + 장면 연속성,44.38,T3,화자·문맥·자연스러움 집중 검토,,80.12139605462822,59.39,P2,앞뒤 5블록·사진·오류 기억을 함께 검토
ADN-622,사진 대조 1차 교정본,577,"01:53:34,200 --> 01:53:52,880",18.68,"하아, 앗…","더, 더 빨아 줘. 너만 좋으면 안 되잖아.
이쪽도 빨아 줘.","하아, 하아…",반응형,,0.0,,,25.0,90.0,50.0,78.0,75.0,0.69662,0.0,66.0,0.0,0.0,0.4761,"하아, 하아...","하아, 하아…",,44.32,T3,화자·문맥·자연스러움 집중 검토,,79.96965098634294,59.29,P2,앞뒤 5블록·사진·오류 기억을 함께 검토
ADN-622,사진 대조 1차 교정본,406,"01:12:51,210 --> 01:12:52,330",1.12,"봐봐, 안 들키잖아.",전혀 안 격해.,"아니, 조용히 가 버려…",반응형,,0.01,,,25.0,90.0,50.0,78.0,75.0,0.69478,0.0,66.0,0.0,0.0,0.5573,"봐봐, 봐봐, 봐봐, 봐봐.","봐봐, 봐봐.",일본어 원문 + 타임스탬프 사진 + 장면 연속성,44.24,T3,화자·문맥·자연스러움 집중 검토,,79.81790591805766,59.18,P2,앞뒤 5블록·사진·오류 기억을 함께 검토
ADN-622,사진 대조 1차 교정본,36,"00:06:12,860 --> 00:06:15,060",2.2,최근 무단결석이 이어지고 있나 봐.,유우 군 학원에서 연락이 왔어.,어?,반응형,,0.04,,,25.0,90.0,50.0,78.0,75.0,0.69454,0.0,66.0,0.0,0.0,0.1275,이어 줘.,이제 둘 다 벗었네.,일본어 원문 + 타임스탬프 사진 + 장면 연속성,44.23,T3,화자·문맥·자연스러움 집중 검토,,79.66616084977238,59.11,P2,앞뒤 5블록·사진·오류 기억을 함께 검토
ADN-622,사진 대조 1차 교정본,464,"01:28:25,710 --> 01:28:29,030",3.32,더. 어서 해달라고.,"아, 그래. 깊숙이 해야지, 자.","구석구석까지 전부
빨아줄 수 있잖아?",반응형,,0.01,,,25.0,90.0,50.0,78.0,75.0,0.6943,0.0,66.0,0.0,0.0,0.2287,어서 오세요.,거기 좋아요…,타임스탬프 사진과 장면 흐름으로 명백한 오인식 교정,44.22,T3,화자·문맥·자연스러움 집중 검토,,79.5144157814871,59.04,P2,앞뒤 5블록·사진·오류 기억을 함께 검토
ADN-622,사진 대조 1차 교정본,212,"00:31:08,310 --> 00:31:10,850",2.54,가 버릴 것 같으면 말해 줘…,얼굴 좀 보여 줘.,대박…,반말형,,0.01,,,25.0,90.0,50.0,78.0,75.0,0.69364,0.0,66.0,0.0,0.0,0.3011,"싸버릴 것 같아, 싸 버릴 것 같아.","싸 버릴 것 같아, 싸 버릴 것 같아.",,44.19,T3,화자·문맥·자연스러움 집중 검토,,79.36267071320182,58.96,P2,앞뒤 5블록·사진·오류 기억을 함께 검토
ADN-622,사진 대조 1차 교정본,400,"01:10:57,820 --> 01:11:04,910",7.09,그럼 이거라면 안 들키니까.,오늘은 아무것도…,여기선 안 보여.,중립·혼합형,,0.02,,,25.0,90.0,50.0,78.0,75.0,0.69179,0.0,66.0,0.0,0.0,0.1594,들키면 안 돼.,소리 내면 안 돼.,손상된 일본어 ASR + 타임스탬프 사진 + 앞뒤 문맥 추론,44.12,T3,화자·문맥·자연스러움 집중 검토,,79.21092564491654,58.86,P2,앞뒤 5블록·사진·오류 기억을 함께 검토
ADN-622,사진 대조 1차 교정본,142,"00:19:29,580 --> 00:19:33,060",3.48,손을 움직여서…,벌리고 있으면…,"좀 비켜봐. 비키라고. 시키는 대로 해. 자
벌려봐. 빨리 벌려보라고. 괜찮으니까 빨리.",중립·혼합형,,0.02,,,25.0,90.0,50.0,78.0,79.0,0.68587,0.0,66.0,0.0,0.0,0.2276,손을 벗을 때는 좋네요.,[불명],,44.11,T3,화자·문맥·자연스러움 집중 검토,,78.98330804248862,58.76,P2,앞뒤 5블록·사진·오류 기억을 함께 검토
ADN-622,사진 대조 1차 교정본,554,"01:49:42,370 --> 01:49:43,970",1.6,엄마가 노력할 테니까…,그런 생각 하지 마.,대체 뭘 노력한다는 건데?,중립·혼합형,,0.03,,,25.0,90.0,50.0,78.0,75.0,0.69162,0.0,66.0,0.0,0.0,0.3733,내가 매일 닦아줄 테니까…,그럼 내가 매일 닦아 줄게.,일본어 원문 대조 + 자연스러운 한국어 대사 교정,44.11,T3,화자·문맥·자연스러움 집중 검토,,78.98330804248862,58.76,P2,앞뒤 5블록·사진·오류 기억을 함께 검토
ADN-622,사진 대조 1차 교정본,282,"00:45:14,010 --> 00:45:15,750",1.74,그럼 그 녀석들이랑 인연 끊을 테니까.,"그런 건 친구가 아니야.
더는 안 만나는 게 좋아.",쿠미 씨가 나랑 놀아줘.,중립·혼합형,,0.01,,,25.0,90.0,50.0,78.0,75.0,0.68962,0.0,66.0,0.0,0.0,0.2797,"자, 더 해줄 테니까.","자, 더 해 줄 테니까.",,44.02,T3,화자·문맥·자연스러움 집중 검토,,78.7556904400607,58.61,P2,앞뒤 5블록·사진·오류 기억을 함께 검토
ADN-622,사진 대조 1차 교정본,223,"00:35:39,380 --> 00:35:41,120",1.74,전혀 부족하니까.,네 잘못이야.,네 잘못이라고.,중립·혼합형,,0.02,,,25.0,90.0,50.0,78.0,79.0,0.68343,0.0,66.0,0.0,0.0,0.542,응. 전혀 부족하니까 갈아입고 올게.,아직 부족하니까 갈아입고 올게.,사진 장면 확인 및 한국어 번역투·ASR 오역 교정,44.0,T3,화자·문맥·자연스러움 집중 검토,,78.60394537177542,58.53,P2,앞뒤 5블록·사진·오류 기억을 함께 검토
ADN-622,사진 대조 1차 교정본,132,"00:18:28,690 --> 00:18:32,070",3.38,왜 이렇게 축축해?,축축해진 거 아니야?,"천천히, 진정해…
정말 왜 이러니.",반말형,,0.01,,,25.0,90.0,50.0,78.0,75.0,0.68875,0.0,66.0,0.0,0.0,0.2579,이렇게 해버려.,이렇게 해 버려.,,43.99,T3,화자·문맥·자연스러움 집중 검토,,78.45220030349014,58.46,P2,앞뒤 5블록·사진·오류 기억을 함께 검토
ADN-622,사진 대조 1차 교정본,561,"01:51:04,320 --> 01:51:06,940",2.62,엄마가 할 수 있는 일…,뭘 노력한다는 거냐고…,그럼 봉사해 줘…,중립·혼합형,,0.02,,,25.0,90.0,50.0,78.0,75.0,0.68685,0.0,66.0,0.0,0.0,0.3121,여러 번 할 수 있는 사람.,그런 사람이 좋아.,,43.91,T3,화자·문맥·자연스러움 집중 검토,,78.30045523520485,58.35,P2,앞뒤 5블록·사진·오류 기억을 함께 검토
ADN-622,사진 대조 1차 교정본,607,"01:59:20,280 --> 01:59:22,960",2.68,안 돼. 이것만으로는 안 돼.,하게 해주면 되잖아.,역시 기분 좋아.,반응형,,0.02,,,25.0,90.0,50.0,78.0,75.0,0.68529,0.0,66.0,0.0,0.0,0.5536,안 돼.,"네, 놀랐어요.",타임스탬프 사진과 앞뒤 장면으로 대사 기능 복원,43.84,T3,화자·문맥·자연스러움 집중 검토,,78.14871016691957,58.25,P2,앞뒤 5블록·사진·오류 기억을 함께 검토
ADN-622,사진 대조 1차 교정본,556,"01:49:59,810 --> 01:50:01,170",1.36,나를 이렇게 만들어놓고…,대체 뭘 노력한다는 건데?,어쩌자는 건데…,반응형,,0.01,,,25.0,90.0,50.0,78.0,75.0,0.6847,0.0,66.0,0.0,0.0,0.2046,이렇게 해버려.,이렇게 해 버려.,,43.82,T3,화자·문맥·자연스러움 집중 검토,,77.99696509863429,58.17,P2,앞뒤 5블록·사진·오류 기억을 함께 검토
ADN-622,사진 대조 1차 교정본,373,"01:06:30,380 --> 01:06:31,800",1.42,기분 좋지?,여보도…,더 깊이…,반말형,,0.02,,,25.0,90.0,50.0,78.0,75.0,0.5039,42.0,66.0,0.0,0.0,1.0,기분 좋지?,흥분되면 말해 봐.,화면 영문 자막 대조,43.78,T3,화자·문맥·자연스러움 집중 검토,,77.84522003034901,58.09,P2,앞뒤 5블록·사진·오류 기억을 함께 검토
ADN-622,사진 대조 1차 교정본,450,"01:24:05,470 --> 01:24:06,790",1.32,깊숙이 빨아달라고.,그러니까 깊숙이 빨아 줘.,"자, 어서 해 줘.",반응형,,0.03,,,25.0,90.0,50.0,78.0,75.0,0.68326,0.0,66.0,0.0,0.0,0.1889,뜨거운 정액이 안쪽 깊숙이 한꺼번에 쏟아졌다.,뜨거운 정액이 보지 깊숙이 한꺼번에 쏟아졌다.,,43.76,T3,화자·문맥·자연스러움 집중 검토,,77.69347496206373,58.01,P2,앞뒤 5블록·사진·오류 기억을 함께 검토
ADN-622,사진 대조 1차 교정본,519,"01:42:19,680 --> 01:42:20,840",1.16,내가 다 해 줄 테니까…,학원 공부는 힘들겠지만…,"안 가, 안 간다고!",반말형,,0.02,,,25.0,90.0,50.0,78.0,75.0,0.68298,0.0,66.0,0.0,0.0,0.6076,내가 매일 닦아줄 테니까…,그럼 내가 매일 닦아 줄게.,일본어 원문 대조 + 자연스러운 한국어 대사 교정,43.75,T3,화자·문맥·자연스러움 집중 검토,,77.54172989377845,57.94,P3,말투·질문응답·가독성 위주 검토
ADN-622,사진 대조 1차 교정본,174,"00:25:54,320 --> 00:25:56,480",2.16,"시끄러워, 시끄럽다니까.","아, 하아…","아, 하아…",중립·혼합형,,0.02,,,25.0,90.0,50.0,78.0,75.0,0.6811,0.0,66.0,0.0,0.0,0.3862,시끄러워.,넣고 싶어.,,43.67,T3,화자·문맥·자연스러움 집중 검토,,77.38998482549317,57.83,P3,말투·질문응답·가독성 위주 검토
ADN-622,사진 대조 1차 교정본,354,"00:58:50,090 --> 00:59:00,970",10.88,여기서도 안 되면 어떡해.,괜찮지?,"자, 그럼 이쪽.",반응형,,0.01,,,25.0,90.0,50.0,78.0,75.0,0.67944,0.0,66.0,0.0,0.0,0.3515,여기서도 떨리는 게 느껴져요.,여기도 떨리고 있어요.,,43.6,T3,화자·문맥·자연스러움 집중 검토,,77.2382397572079,57.73,P3,말투·질문응답·가독성 위주 검토
ADN-622,사진 대조 1차 교정본,499,"01:37:53,830 --> 01:37:55,590",1.76,달리 하고 싶은 일이 있니?,"아빠 회사 물려받기 싫고,
대학 가봤자 의미 없어.",딱히.,중립·혼합형,,0.03,,,25.0,90.0,50.0,78.0,75.0,0.67845,0.0,66.0,0.0,0.0,0.2174,일이 되면…,제대로 핥아 줘.,타임스탬프 사진과 장면 흐름으로 명백한 오인식 교정,43.55,T3,화자·문맥·자연스러움 집중 검토,,77.01062215477997,57.6,P3,말투·질문응답·가독성 위주 검토
ADN-622,사진 대조 1차 교정본,643,"02:11:57,160 --> 02:11:59,460",2.3,"쿠미 씨, 잔뜩 싸게 해 줘.",기분 좋지?,"이런 곳, 기분 좋아.",반말형,,0.04,,,25.0,90.0,50.0,78.0,75.0,0.67832,0.0,66.0,0.0,0.0,0.2803,잔뜩 쌀 거야.,걱정 마.,화면 영문 자막 대조,43.55,T3,화자·문맥·자연스러움 집중 검토,,77.01062215477997,57.6,P3,말투·질문응답·가독성 위주 검토
ADN-622,사진 대조 1차 교정본,144,"00:20:29,410 --> 00:20:39,410",10.0,"이제 됐잖아. 다 보여.
얼른 다리 벌려봐, 이렇게.","좀 비켜봐. 비키라고. 시키는 대로 해. 자
벌려봐. 빨리 벌려보라고. 괜찮으니까 빨리.","다리 벌려봐, 어서.
할 수 있잖아.",중립·혼합형,,0.01,,,25.0,90.0,50.0,78.0,75.0,0.67792,0.0,66.0,0.0,0.0,0.329,"벌려봐, 스스로.",스스로 벌려 봐.,일본어 원문 대조 + 자연스러운 한국어 대사 교정,43.53,T3,화자·문맥·자연스러움 집중 검토,,76.78300455235205,57.5,P3,말투·질문응답·가독성 위주 검토
ADN-622,사진 대조 1차 교정본,117,"00:17:01,240 --> 00:17:02,380",1.14,만지는 것 정도는 괜찮잖아.,"세상에, 이렇게 뜨거워지다니.
장난 아니다.",더 보여 줘.,반응형,,0.04,,,25.0,90.0,50.0,78.0,75.0,0.67724,0.0,66.0,0.0,0.0,0.3334,직접 만지는 게 더 기분 좋아...,직접 만지는 게 더 기분 좋아…,,43.5,T3,화자·문맥·자연스러움 집중 검토,,76.63125948406677,57.42,P3,말투·질문응답·가독성 위주 검토
ADN-622,사진 대조 1차 교정본,586,"01:55:22,290 --> 01:55:23,610",1.32,좀 만져 줘.,잔뜩 기분 좋게 해 줘.,"깊숙이, 깊숙이 물어줘.",중립·혼합형,,0.01,,,25.0,90.0,50.0,78.0,75.0,0.67617,0.0,66.0,0.0,0.0,0.5068,한번 만져 봐.,안 돼.,일본어 원문 + 타임스탬프 사진 + 장면 연속성,43.46,T3,화자·문맥·자연스러움 집중 검토,,76.4795144157815,57.33,P3,말투·질문응답·가독성 위주 검토
ADN-622,사진 대조 1차 교정본,265,"00:41:57,330 --> 00:41:59,670",2.34,아직도 가족 놀이 계속할 셈이야?,다녀왔어? 어디 갔다 왔어?,"난 유우 군이랑 진짜
가족이 되고 싶어.",반응형,,0.03,,,25.0,90.0,50.0,78.0,75.0,0.67426,0.0,66.0,0.0,0.0,0.2007,그래도 지금 일을 오래 계속할 수 있도록요.,지금 일을 오래 계속하는 게 목표예요.,사진 장면 확인 및 한국어 번역투·ASR 오역 교정,43.38,T3,화자·문맥·자연스러움 집중 검토,,76.32776934749621,57.22,P3,말투·질문응답·가독성 위주 검토
ADN-622,사진 대조 1차 교정본,284,"00:45:29,000 --> 00:45:32,620",3.62,"자, 빨아 줘.",쿠미 씨가 나랑 놀아줘.,"오늘은 꼭 학원에 가.
그러면 해 줄게.",반응형,,0.0,,,25.0,90.0,50.0,78.0,75.0,0.6735,0.0,66.0,0.0,0.0,0.2992,"자, 입으로 해줘.","자, 입으로 해 줘.",,43.35,T3,화자·문맥·자연스러움 집중 검토,,76.17602427921094,57.14,P3,말투·질문응답·가독성 위주 검토
ADN-622,사진 대조 1차 교정본,151,"00:22:00,860 --> 00:22:03,540",2.68,아직 안 끝났어.,조금만 더.,조금만 더.,반응형,,0.04,,,25.0,90.0,50.0,78.0,75.0,0.67338,0.0,66.0,0.0,0.0,0.2405,아직 잘 거지?,아직 갈 수 있지?,사진 장면 확인 및 한국어 번역투·ASR 오역 교정,43.34,T3,화자·문맥·자연스러움 집중 검토,,76.02427921092566,57.07,P3,말투·질문응답·가독성 위주 검토
ADN-622,사진 대조 1차 교정본,638,"02:10:26,040 --> 02:10:27,920",1.88,엄마랑 같이 노력하자.,같이 뭐?,"지금 열심히 하고 있잖아.
같이 하고 있잖아.",중립·혼합형,,0.04,,,25.0,90.0,50.0,78.0,75.0,0.67293,0.0,66.0,0.0,0.0,0.2096,같이 좀 가요.,그럼 같이 가요.,일본어 원문 대조 + 자연스러운 한국어 대사 교정,43.32,T3,화자·문맥·자연스러움 집중 검토,,75.87253414264038,56.99,P3,말투·질문응답·가독성 위주 검토
ADN-622,사진 대조 1차 교정본,191,"00:27:38,750 --> 00:27:58,250",19.5,쿠미 씨…,진짜 괜찮잖아.,하아…,중립·혼합형,,0.05,,,25.0,90.0,50.0,78.0,75.0,0.67247,0.0,66.0,0.0,0.0,0.0645,후와 씨를…,후우아 씨를 기분 좋게 해 주고 싶어요.,이름 및 다음 블록과 문장 결합,43.3,T3,화자·문맥·자연스러움 집중 검토,,75.64491654021245,56.88,P3,말투·질문응답·가독성 위주 검토
ADN-622,사진 대조 1차 교정본,425,"01:20:02,480 --> 01:20:03,820",1.34,엄마가 될 거라며.,"저기, 잠깐 이리 와봐. 빨아 줘.","나도 유우 군처럼
어머니가 없는 가정에서 자랐어.",중립·혼합형,,0.02,,,25.0,90.0,50.0,78.0,75.0,0.67236,0.0,66.0,0.0,0.0,0.2449,엄마가 닦아줬었어? 응.,어릴 때 엄마가 닦아 줬어? 응.,일본어 원문 대조 + 자연스러운 한국어 대사 교정,43.3,T3,화자·문맥·자연스러움 집중 검토,,75.64491654021245,56.88,P3,말투·질문응답·가독성 위주 검토
ADN-622,사진 대조 1차 교정본,209,"00:30:16,790 --> 00:30:17,990",1.2,이대로 가 버릴 것 같아.,기분 좋은 건 마찬가지잖아.,손가락 움직이는 게 느껴져.,반응형,,0.01,,,25.0,90.0,50.0,78.0,75.0,0.67185,0.0,66.0,0.0,0.0,0.5517,"싸버릴 것 같아, 싸 버릴 것 같아.","싸 버릴 것 같아, 싸 버릴 것 같아.",,43.28,T3,화자·문맥·자연스러움 집중 검토,,75.41729893778452,56.78,P3,말투·질문응답·가독성 위주 검토
ADN-622,사진 대조 1차 교정본,518,"01:41:29,680 --> 01:41:35,200",5.52,학원 공부는 힘들겠지만…,학원은 계속 다니는 게 좋아.,내가 다 해 줄 테니까…,반말형,,0.02,,,25.0,90.0,50.0,78.0,75.0,0.67167,0.0,66.0,0.0,0.0,0.2189,하지만…,그래도…,,43.27,T3,화자·문맥·자연스러움 집중 검토,,75.26555386949924,56.71,P3,말투·질문응답·가독성 위주 검토
ADN-622,사진 대조 1차 교정본,560,"01:50:58,050 --> 01:50:59,710",1.66,뭘 노력한다는 거냐고…,노력한다니…,엄마가 할 수 있는 일…,중립·혼합형,,0.05,,,25.0,90.0,50.0,78.0,75.0,0.66967,0.0,66.0,0.0,0.0,0.1421,뭘 찍게 한 거야?,뭘 찍은 거야?,손상된 일본어 ASR + 타임스탬프 사진 + 앞뒤 문맥 추론,43.19,T3,화자·문맥·자연스러움 집중 검토,,75.11380880121396,56.6,P3,말투·질문응답·가독성 위주 검토
ADN-622,사진 대조 1차 교정본,292,"00:46:35,920 --> 00:46:37,620",1.7,"아, 아직 일이 좀 남아서.",그래요?,저녁은 천천히 준비해도 돼.,반응형,,0.02,,,25.0,90.0,50.0,78.0,75.0,0.66801,0.0,66.0,0.0,0.0,0.2766,"아, 아, 아, 아, 아, 아, 아,","아, 아, 아, 아, 아, 아, 아",,43.12,T3,화자·문맥·자연스러움 집중 검토,,74.88619119878604,56.46,P3,말투·질문응답·가독성 위주 검토
ADN-622,사진 대조 1차 교정본,629,"02:09:37,950 --> 02:09:38,870",0.92,기분 좋아.,열심히 해 줘.,안쪽까지 들어오니까 정말 좋아.,반응형,,0.05,,,25.0,90.0,50.0,78.0,75.0,0.48818,42.0,66.0,0.0,0.0,1.0,기분 좋아.,"아, 좋아.",화면 영문 자막 대조,43.12,T3,화자·문맥·자연스러움 집중 검토,,74.88619119878604,56.46,P3,말투·질문응답·가독성 위주 검토
ADN-622,사진 대조 1차 교정본,615,"02:01:37,470 --> 02:01:38,390",0.92,움직여 줘.,"저기, 쿠미 씨.",움직이라고.,중립·혼합형,,0.03,,,25.0,90.0,50.0,78.0,79.0,0.66136,0.0,66.0,0.0,0.0,0.5597,역시 움직여 줄게.,이제 움직여 줄게.,사진 장면 확인 및 한국어 번역투·ASR 오역 교정,43.08,T3,화자·문맥·자연스러움 집중 검토,,74.65857359635811,56.34,P3,말투·질문응답·가독성 위주 검토
ADN-622,사진 대조 1차 교정본,614,"02:01:34,930 --> 02:01:35,970",1.04,"저기, 쿠미 씨.",외로워…,움직여 줘.,중립·혼합형,,0.03,,,25.0,90.0,50.0,78.0,75.0,0.66669,0.0,66.0,0.0,0.0,0.3368,"저, 저기, 잠깐만 쉬게 해 주세요.","저기, 잠깐만… 그만해.",장면과 충돌한 긴 반복 자막 교정,43.06,T3,화자·문맥·자연스러움 집중 검토,,74.50682852807283,56.27,P3,말투·질문응답·가독성 위주 검토
ADN-622,사진 대조 1차 교정본,58,"00:08:08,620 --> 00:08:10,260",1.64,잠깐만 진정해.,이런 짓…,"어! 잠깐만, 하지 마.",반응형,,0.02,,,25.0,90.0,50.0,78.0,75.0,0.6645,0.0,66.0,0.0,0.0,0.3503,잠깐만 쉬게 해 주세요.,"잠깐만, 그만해.",장면과 충돌한 표현 교정,42.97,T3,화자·문맥·자연스러움 집중 검토,,74.35508345978755,56.15,P3,말투·질문응답·가독성 위주 검토
ADN-622,사진 대조 1차 교정본,41,"00:06:38,350 --> 00:06:39,830",1.48,"유우 군, 일어나 봐.","이런 건 엄마인 네가 말하는 게 낫지.
네가 잘 얘기해 줘.","오늘 학원 끝나고 오면
할 얘기가 있어.",반응형,,0.05,,,25.0,90.0,50.0,78.0,75.0,0.66353,0.0,66.0,0.0,0.0,0.3219,남자는 갑자기 일어나 입을 닦았다.,남자는 갑자기 몸을 일으키며 입에서 자지를 뺐다.,,42.93,T3,화자·문맥·자연스러움 집중 검토,,74.12746585735962,56.03,P3,말투·질문응답·가독성 위주 검토
ADN-622,사진 대조 1차 교정본,531,"01:45:15,430 --> 01:45:44,720",29.29,"하아, 앗…",그만해.,흐읏…,반응형,,0.03,,,25.0,90.0,50.0,78.0,75.0,0.66346,0.0,66.0,0.0,0.0,0.4761,"하아, 하아...","하아, 하아…",,42.93,T3,화자·문맥·자연스러움 집중 검토,,74.12746585735962,56.03,P3,말투·질문응답·가독성 위주 검토
ADN-622,사진 대조 1차 교정본,624,"02:06:52,060 --> 02:07:42,670",50.61,노력할 거지?,열심히 하겠다며.,힘내서 해 줘.,반말형,,0.04,,,25.0,90.0,50.0,78.0,75.0,0.66241,0.0,66.0,0.0,0.0,0.5544,잘 거지?,갈 수 있지?,사진 장면 확인 및 한국어 번역투·ASR 오역 교정,42.88,T3,화자·문맥·자연스러움 집중 검토,,73.89984825493171,55.91,P3,말투·질문응답·가독성 위주 검토
ADN-622,사진 대조 1차 교정본,634,"02:10:07,810 --> 02:10:09,050",1.24,열심히 해 줄 거지?,"유우 군, 유우 군…","유우 군도 노력해 줘, 어서.",반말형,,0.01,,,25.0,90.0,50.0,78.0,75.0,0.66203,0.0,66.0,0.0,0.0,0.5501,잘 거지?,갈 수 있지?,사진 장면 확인 및 한국어 번역투·ASR 오역 교정,42.87,T3,화자·문맥·자연스러움 집중 검토,,73.74810318664643,55.84,P3,말투·질문응답·가독성 위주 검토
ADN-622,사진 대조 1차 교정본,283,"00:45:17,790 --> 00:45:20,330",2.54,쿠미 씨가 나랑 놀아줘.,그럼 그 녀석들이랑 인연 끊을 테니까.,"자, 빨아 줘.",반응형,,0.01,,,25.0,90.0,50.0,78.0,75.0,0.66133,0.0,66.0,0.0,0.0,0.1702,후와 씨가 이끄는 거예요.,이번에는 후우아 씨가 이끌어 주는 거예요.,이름 및 문장 자연화,42.84,T3,화자·문맥·자연스러움 집중 검토,,73.59635811836115,55.76,P3,말투·질문응답·가독성 위주 검토
ADN-622,사진 대조 1차 교정본,102,"00:14:35,940 --> 00:15:06,900",30.96,조용히 하라고.,"시끄러워, 조용히 해.",조용히 해.,중립·혼합형,,0.04,,,25.0,90.0,50.0,78.0,75.0,0.6604,0.0,66.0,0.0,0.0,0.1419,산책하면서 친해진 뒤 좀 더 적극적으로 하라고요.,산책하며 가까워진 뒤 조금 더 적극적으로 다가가라고요?,문장 호흡 정리,42.8,T3,화자·문맥·자연스러움 집중 검토,,73.44461305007587,55.67,P3,말투·질문응답·가독성 위주 검토
ADN-622,사진 대조 1차 교정본,589,"01:56:11,940 --> 01:56:13,380",1.44,"자, 더 해 줘.",깊숙이 물어달라고.,"자, 더 해달라고.",반말형,,0.04,,,25.0,90.0,50.0,78.0,75.0,0.6479,2.81,66.0,0.0,0.0,0.6734,좀 더 해 줘.,보여?,일본어 원문 + 타임스탬프 사진 + 장면 연속성,42.78,T3,화자·문맥·자연스러움 집중 검토,,73.2928679817906,55.6,P3,말투·질문응답·가독성 위주 검토
ADN-622,사진 대조 1차 교정본,488,"01:37:03,880 --> 01:37:05,080",1.2,잠깐…,소리 좀 내봐.,"예, 그렇군요.",반응형,,0.02,,,25.0,90.0,50.0,78.0,75.0,0.47976,42.0,66.0,0.0,0.0,1.0,잠깐…,그리고…,일본어 원문 대조 + 자연스러운 한국어 대사 교정,42.77,T3,화자·문맥·자연스러움 집중 검토,,73.14112291350531,55.53,P3,말투·질문응답·가독성 위주 검토
ADN-622,사진 대조 1차 교정본,67,"00:09:18,660 --> 00:09:20,860",2.2,뽀뽀하게 해 줘.,"조용히 해, 시끄러우니까.",뽀뽀하게 해 줘.,반말형,,0.04,,,25.0,90.0,50.0,78.0,75.0,0.65953,0.0,66.0,0.0,0.0,0.3085,좀 더 해 줘.,보여?,일본어 원문 + 타임스탬프 사진 + 장면 연속성,42.76,T3,화자·문맥·자연스러움 집중 검토,,72.98937784522003,55.46,P3,말투·질문응답·가독성 위주 검토
ADN-622,사진 대조 1차 교정본,50,"00:07:33,460 --> 00:07:34,780",1.32,이건 아빠랑 내 돈이야.,"머, 어떻게 된 거야?",아줌마랑은 상관없어.,반응형,,0.04,,,25.0,90.0,50.0,78.0,75.0,0.65917,0.0,66.0,0.0,0.0,0.1998,이건 역시...,이건 역시…,,42.75,T3,화자·문맥·자연스러움 집중 검토,,72.83763277693474,55.39,P3,말투·질문응답·가독성 위주 검토
ADN-622,사진 대조 1차 교정본,163,"00:23:57,580 --> 00:23:59,760",2.18,"피도 안 섞였는데 어때, 괜찮잖아.",이런 짓은 하면 안 돼.,"응? 어서, 어서.",반응형,,0.02,,,25.0,90.0,50.0,78.0,75.0,0.65772,0.0,66.0,0.0,0.0,0.22,하지만 내가 사랑하는 건 너뿐이니까 괜찮잖아.,너만 사랑한다니까.,,42.68,T3,화자·문맥·자연스러움 집중 검토,,72.45827010622155,55.19,P3,말투·질문응답·가독성 위주 검토
ADN-622,사진 대조 1차 교정본,263,"00:41:42,310 --> 00:41:45,890",3.58,"나간 줄 알았는데, 아직 있었네?",어라?,다녀왔어? 어디 갔다 왔어?,반응형,,0.01,,,25.0,90.0,50.0,78.0,75.0,0.65765,0.0,66.0,0.0,0.0,0.2782,괜찮을 줄 알았는데 차갑네...,괜찮을 줄 알았는데 차갑네…,,42.68,T3,화자·문맥·자연스러움 집중 검토,,72.45827010622155,55.19,P3,말투·질문응답·가독성 위주 검토
ADN-622,사진 대조 1차 교정본,621,"02:04:53,300 --> 02:04:56,480",3.18,"열심히 할 거지?
잔뜩 느끼게 해 줄 테니까.",열심히 해 줘. 열심히 하겠다며.,"자, 어서, 어서.
열심히 해달라고.",반말형,,0.0,,,25.0,90.0,50.0,78.0,75.0,0.65767,0.0,66.0,0.0,0.0,0.345,"자, 더 해줄 테니까.","자, 더 해 줄 테니까.",,42.68,T3,화자·문맥·자연스러움 집중 검토,,72.45827010622155,55.19,P3,말투·질문응답·가독성 위주 검토
ADN-622,사진 대조 1차 교정본,630,"02:09:39,750 --> 02:09:49,640",9.89,안쪽까지 들어오니까 정말 좋아.,기분 좋아.,"잠깐, 아아!",반응형,,0.05,성인 장면의 부자연스러운 문장 교정,중간,38.0,90.0,50.0,78.0,66.0,0.73908,0.0,48.0,0.0,0.0,0.4687,안쪽까지 안 가?,더 안쪽까지 안 들어가?,일본어 원문 대조 + 자연스러운 한국어 대사 교정,42.68,T3,화자·문맥·자연스러움 집중 검토,,72.45827010622155,55.19,P3,말투·질문응답·가독성 위주 검토
ADN-622,사진 대조 1차 교정본,3,"00:01:49,130 --> 00:01:50,790",1.66,고마워. 오늘도 힘내.,벌써 일어났어요.,그럼 다녀올게.,중립·혼합형,,0.03,,,25.0,90.0,50.0,78.0,75.0,0.65737,0.0,66.0,0.0,0.0,0.6273,고마워.,손으로 잡아 줘.,일본어 원문 + 타임스탬프 사진 + 장면 연속성,42.67,T3,화자·문맥·자연스러움 집중 검토,,72.07890743550834,55.02,P3,말투·질문응답·가독성 위주 검토
ADN-622,사진 대조 1차 교정본,59,"00:08:10,640 --> 00:08:13,440",2.8,"어! 잠깐만, 하지 마.",잠깐만 진정해.,뭐 하는 거야? 뭐 하는 거야?,반응형,,0.04,,,25.0,90.0,50.0,78.0,75.0,0.64852,1.74,66.0,0.0,0.0,0.6645,"잠깐만,",잠깐만,,42.61,T3,화자·문맥·자연스러움 집중 검토,,71.85128983308043,54.89,P3,말투·질문응답·가독성 위주 검토
ADN-622,사진 대조 1차 교정본,625,"02:07:42,670 --> 02:07:42,770",0.1,힘내서 해 줘.,노력할 거지?,"아, 바로 그거야.",반말형,,0.03,,,25.0,90.0,50.0,78.0,75.0,0.48917,0.0,66.0,70.0,0.0,0.3453,좀 더 해 줘.,보여?,일본어 원문 + 타임스탬프 사진 + 장면 연속성,42.61,T3,화자·문맥·자연스러움 집중 검토,high_cps,71.85128983308043,54.89,P3,말투·질문응답·가독성 위주 검토
ADN-622,사진 대조 1차 교정본,175,"00:26:02,470 --> 00:26:14,050",11.58,"아, 하아…","시끄러워, 시끄럽다니까.",질척질척 소리 나잖아.,반응형,,0.03,,,25.0,90.0,50.0,78.0,75.0,0.53767,27.56,66.0,0.0,0.0,0.8797,하아…,보여 줘.,일본어 원문 + 타임스탬프 사진 + 장면 연속성,42.6,T3,화자·문맥·자연스러움 집중 검토,,71.6236722306525,54.79,P3,말투·질문응답·가독성 위주 검토
ADN-622,사진 대조 1차 교정본,602,"01:58:42,990 --> 01:58:44,490",1.5,가만히 있어.,"자, 어서.","학원은 꼭 가야 해.
아빠를 너무 힘들게 하지 마.",반응형,,0.01,,,25.0,90.0,50.0,78.0,75.0,0.65533,0.0,66.0,0.0,0.0,0.3417,뒤에 있어.,뒤쪽도 보여 줘.,일본어 원문 대조 + 자연스러운 한국어 대사 교정,42.58,T3,화자·문맥·자연스러움 집중 검토,,71.47192716236722,54.71,P3,말투·질문응답·가독성 위주 검토
ADN-622,사진 대조 1차 교정본,264,"00:41:49,080 --> 00:41:51,780",2.7,다녀왔어? 어디 갔다 왔어?,"나간 줄 알았는데, 아직 있었네?",아직도 가족 놀이 계속할 셈이야?,반응형,,0.02,,,25.0,90.0,50.0,78.0,75.0,0.65471,0.0,66.0,0.0,0.0,0.1841,"그러게, 어디 갔지?",완전 비스듬해졌네.,,42.56,T3,화자·문맥·자연스러움 집중 검토,,71.32018209408194,54.64,P3,말투·질문응답·가독성 위주 검토
ADN-622,사진 대조 1차 교정본,432,"01:20:47,360 --> 01:20:49,040",1.68,그래서 나랑 섹스하는 거야?,"그래서 나한테 가족이 생기면
제대로 된 엄마가 되고 싶었어.","유우 군에게 애정을 전하고
도와주고 싶어서야.",반말형,,0.04,,,25.0,90.0,50.0,78.0,75.0,0.65288,0.0,66.0,0.0,0.0,0.2669,뭐라고 하는 거야?,뭐라고 말해야 해?,일본어 원문 대조 + 자연스러운 한국어 대사 교정,42.48,T3,화자·문맥·자연스러움 집중 검토,,71.16843702579666,54.53,P3,말투·질문응답·가독성 위주 검토
ADN-622,사진 대조 1차 교정본,451,"01:24:06,790 --> 01:24:08,270",1.48,"자, 어서 해 줘.",깊숙이 빨아달라고.,"자, 더 해 줘. 어서.",반응형,,0.01,,,25.0,90.0,50.0,78.0,75.0,0.65192,0.0,66.0,0.0,0.0,0.4205,좀 더 해 줘.,보여?,일본어 원문 + 타임스탬프 사진 + 장면 연속성,42.44,T3,화자·문맥·자연스러움 집중 검토,,71.01669195751138,54.44,P3,말투·질문응답·가독성 위주 검토
ADN-622,사진 대조 1차 교정본,426,"01:20:07,040 --> 01:20:11,400",4.36,"나도 유우 군처럼
어머니가 없는 가정에서 자랐어.",엄마가 될 거라며.,흐응.,중립·혼합형,,0.04,,,25.0,90.0,50.0,78.0,75.0,0.65052,0.0,66.0,0.0,0.0,0.1225,나도 조건이 있어.,대신 조건이 하나 있어.,사진 장면 확인 및 한국어 번역투 교정,42.38,T3,화자·문맥·자연스러움 집중 검토,,70.8649468892261,54.34,P3,말투·질문응답·가독성 위주 검토
ADN-622,사진 대조 1차 교정본,114,"00:16:39,300 --> 00:16:41,400",2.1,"보여 줘, 보여달라고.","잠깐, 잠깐만.",대박이다. 진짜 장난 아냐.,중립·혼합형,,0.0,,,25.0,90.0,50.0,78.0,75.0,0.64948,0.0,66.0,0.0,0.0,0.2588,입 안을 보여 줘.,입 안 보여 줘.,일본어 원문 대조 + 자연스러운 한국어 대사 교정,42.34,T3,화자·문맥·자연스러움 집중 검토,,70.71320182094082,54.26,P3,말투·질문응답·가독성 위주 검토
ADN-622,사진 대조 1차 교정본,125,"00:17:43,710 --> 00:17:44,490",0.78,"아니야, 그런 거…",이거 진짜 엄청 축축해졌네.,"유우 군, 왜 이래?",반응형,,0.01,,,25.0,90.0,50.0,78.0,75.0,0.64884,0.0,66.0,0.0,0.0,0.2169,"아니, 그런 뜻이 아니라...","아니, 그런 뜻이 아니라…",,42.31,T3,화자·문맥·자연스러움 집중 검토,,70.56145675265554,54.18,P3,말투·질문응답·가독성 위주 검토
ADN-622,사진 대조 1차 교정본,275,"00:43:56,310 --> 00:43:57,230",0.92,"아, 그렇구나.","아직, 내일 얘기해 볼게.",이제 그만해.,반응형,,0.01,,,25.0,90.0,50.0,78.0,75.0,0.49574,35.55,66.0,0.0,0.0,0.9463,그렇구나.,손 정말 잘 쓰네.,일본어 원문 + 타임스탬프 사진 + 장면 연속성,42.28,T3,화자·문맥·자연스러움 집중 검토,,70.33383915022762,54.06,P3,말투·질문응답·가독성 위주 검토
ADN-622,사진 대조 1차 교정본,565,"01:51:22,520 --> 01:51:25,320",2.8,노력해서 봉사해달라고…,노력한다며…,엄마가 노력할게…,반말형,,0.02,,,25.0,90.0,50.0,78.0,75.0,0.648,0.0,66.0,0.0,0.0,0.1314,그럼 네가 갈 수 있게 내가 노력해볼게.,그럼 네가 갈 수 있게 내가 노력해 볼게.,,42.28,T3,화자·문맥·자연스러움 집중 검토,,70.33383915022762,54.06,P3,말투·질문응답·가독성 위주 검토
ADN-622,사진 대조 1차 교정본,92,"00:12:38,960 --> 00:12:40,480",1.52,"잠깐, 잠깐만… 그만해.",더는 안 돼.,그만해.,반응형,,0.04,장면과 충돌한 표현 교정,중간,38.0,90.0,50.0,78.0,62.0,0.72378,2.58,48.0,0.0,0.0,0.6715,잠깐만…,나만 벗는 거야?,일본어 원문 + 타임스탬프 사진 + 장면 연속성,42.26,T3,화자·문맥·자연스러움 집중 검토,,70.10622154779969,53.96,P3,말투·질문응답·가독성 위주 검토
ADN-622,사진 대조 1차 교정본,17,"00:02:32,270 --> 00:02:34,570",2.3,그렇구나. 지망 대학은 정했니?,오늘 학원이 있어서요.,아버지가 가라고 해서 다니는 것뿐이에요.,반말형,,0.03,,,25.0,90.0,50.0,78.0,75.0,0.64739,0.0,66.0,0.0,0.0,0.5381,그렇구나.,손 정말 잘 쓰네.,일본어 원문 + 타임스탬프 사진 + 장면 연속성,42.25,T3,화자·문맥·자연스러움 집중 검토,,69.95447647951441,53.89,P3,말투·질문응답·가독성 위주 검토
ADN-622,사진 대조 1차 교정본,91,"00:12:34,860 --> 00:12:35,380",0.52,더는 안 돼.,이쪽도 보여 줘.,"잠깐, 잠깐만… 그만해.",중립·혼합형,,0.04,,,25.0,90.0,50.0,78.0,75.0,0.64677,0.0,66.0,0.0,0.0,0.6416,안 돼.,"네, 놀랐어요.",타임스탬프 사진과 앞뒤 장면으로 대사 기능 복원,42.22,T3,화자·문맥·자연스러움 집중 검토,,69.80273141122913,53.8,P3,말투·질문응답·가독성 위주 검토
