block,changed_label,oof_probability,predicted_at_threshold
1,0,0.9613782441978274,1
2,0,0.8097536286503904,1
3,0,0.5645503773062837,1
4,0,0.8416287831540262,1
5,0,0.5919163437860031,1
6,0,0.7690362981410167,1
7,0,0.5562752034524177,1
8,0,0.42131217887044503,1
9,0,0.8080756347809792,1
10,0,0.6508223467725638,1
11,0,0.5968317643047477,1
12,0,0.3305675527929507,1
13,0,0.5147124710906612,1
14,0,0.5159207224178911,1
15,0,0.6405060615641598,1
16,0,0.6287922225920999,1
17,0,0.6847832987159034,1
18,0,0.3859538288857794,1
19,0,0.5565929483872745,1
20,0,0.3804561150671171,1
21,1,0.6218510467248741,1
22,0,0.6361398300776419,1
23,0,0.6098913932365092,1
24,0,0.8547164973736449,1
25,0,0.4766899032684773,1
26,0,0.43866597772337734,1
27,0,0.6984342774855313,1
28,0,0.5910527774859283,1
29,0,0.5419114915180223,1
30,0,0.7077253740293812,1
31,0,0.8523707204821797,1
32,0,0.3462882186042901,1
33,1,0.809256116158087,1
34,0,0.3085657841592449,1
35,0,0.49085147594683093,1
36,0,0.7372328524721146,1
37,0,0.2972173242371377,1
38,0,0.6363867716951807,1
39,0,0.33768712613126434,1
40,0,0.4403622428235327,1
41,0,0.6566721162903771,1
42,1,0.7668763804374453,1
43,1,0.6970460653009125,1
44,1,0.6974044708052425,1
45,1,0.46990848390489576,1
46,1,0.3211183617496533,1
47,0,0.7307945089555129,1
48,0,0.6535859663345311,1
49,0,0.3388359967321744,1
50,0,0.27328605063631983,1
51,1,0.5170247081026147,1
52,0,0.6516327975030861,1
53,0,0.5424381415889016,1
54,0,0.2458734912065919,1
55,0,0.4977819332498105,1
56,0,0.7609128860798435,1
57,0,0.30025631935103586,1
58,1,0.4948569640737715,1
59,0,0.5067364645198174,1
60,0,0.5908330762542836,1
61,1,0.5423048573002113,1
62,0,0.5646315644293249,1
63,1,0.06799246866392956,0
64,0,0.6460530175737768,1
65,1,0.664117744971196,1
66,1,0.7289034384078051,1
67,0,0.6509273588996112,1
68,0,0.2761964022122302,1
69,0,0.2960361213157853,1
70,0,0.31514355059673044,1
71,0,0.7018285241426683,1
72,0,0.2727941743593939,1
73,0,0.6704611694690464,1
74,0,0.2917757587660268,1
75,0,0.2860044658070524,1
76,0,0.5935828879634687,1
77,1,0.5637608223683136,1
78,0,0.5709772510548252,1
79,0,0.5281650649821271,1
80,0,0.33361436623492097,1
81,0,0.2022395587252001,1
82,0,0.45345531066171674,1
83,0,0.11315096320312508,0
84,0,0.3812375510449112,1
85,0,0.39676845204854666,1
86,1,0.5136851183115649,1
87,1,0.29943843431021094,1
88,0,0.5186611259280511,1
89,0,0.16211209778141825,1
90,0,0.3973291992028088,1
91,0,0.2615488451274142,1
92,0,0.1675953776772962,1
93,0,0.2589622277181111,1
94,0,0.40569785347682047,1
95,0,0.4208812292594059,1
96,0,0.5325229197755014,1
97,0,0.24959863370164895,1
98,0,0.19731474988362377,1
99,0,0.25109550791680685,1
100,0,0.38845932817993034,1
101,0,0.4423151569405103,1
102,0,0.4631608074532165,1
103,0,0.32348636284586735,1
104,0,0.2892851023315576,1
105,1,0.5739520585999434,1
106,0,0.12449401711107463,0
107,0,0.5883607104518638,1
108,0,0.5571586178241308,1
109,0,0.5140655133568982,1
110,1,0.4474397940209338,1
111,0,0.5048766573063431,1
112,0,0.33509155371565874,1
113,0,0.3995510022189612,1
114,0,0.3439085100325003,1
115,0,0.5129663627843335,1
116,0,0.2776601133056763,1
117,0,0.11400049033691965,0
118,0,0.49093065931725605,1
119,0,0.420271073211451,1
120,0,0.5079616132469681,1
121,0,0.2818444960645613,1
122,0,0.4233890375329776,1
123,1,0.3733774349454265,1
124,0,0.31761554618569715,1
125,0,0.21849075564492398,1
126,0,0.2504471711496418,1
127,1,0.25062577360386257,1
128,0,0.25945752270732764,1
129,0,0.23267056128010394,1
130,0,0.636331597790172,1
131,0,0.6091503782732879,1
132,0,0.445994566534013,1
133,1,0.47162700953082803,1
134,0,0.18967842643944555,1
135,0,0.19834804659845556,1
136,0,0.24773578078479494,1
137,0,0.3832956245603151,1
138,0,0.18851738300262266,1
139,0,0.2001585155286262,1
140,0,0.2511899396472911,1
141,1,0.556664192913682,1
142,0,0.4511512256144495,1
143,1,0.4422291044409445,1
144,0,0.19294955575065525,1
145,0,0.2209444394393375,1
146,0,0.23354936844157942,1
147,0,0.3265892421530287,1
148,0,0.4289426497105496,1
149,0,0.21321214029003033,1
150,0,0.25972148907288456,1
151,0,0.2249281843181741,1
152,1,0.2067907559420067,1
153,1,0.216526443022064,1
154,1,0.31849331869446446,1
155,1,0.3559985578346332,1
156,1,0.512405211698835,1
157,1,0.4687731014458207,1
158,1,0.48329126067745626,1
159,1,0.5053020821431322,1
160,1,0.6232807964028777,1
161,0,0.18770733819070307,1
162,1,0.4676155142913124,1
163,1,0.5815653366166887,1
164,0,0.25445578558214865,1
165,1,0.6078682015415503,1
166,1,0.5466457508222459,1
167,0,0.2335054726438607,1
168,0,0.2262916731032214,1
169,0,0.1822567349660618,1
170,0,0.6468526787626367,1
171,0,0.16398956218350355,1
172,0,0.29231719390321714,1
173,0,0.5492028589538769,1
174,0,0.5289753423767758,1
175,1,0.5928321485744195,1
176,0,0.26549336837101334,1
177,1,0.43346076609919676,1
178,0,0.4891884443065682,1
179,0,0.5333896264186082,1
180,0,0.5288765736612357,1
181,0,0.4952562165025803,1
182,1,0.4786676042926246,1
183,1,0.27597928890490386,1
184,0,0.2556143734575828,1
185,1,0.4291425238111804,1
186,0,0.1860102180103328,1
187,1,0.4201959121206458,1
188,0,0.19195631634561472,1
189,1,0.44895676194669726,1
190,1,0.2966076502067449,1
191,1,0.4213315133254148,1
192,1,0.4321637496503018,1
193,0,0.20679756820887757,1
194,1,0.4765575273279162,1
195,1,0.40266414387304744,1
196,0,0.17336568611456418,1
197,0,0.35378468655571965,1
198,0,0.23375519359456157,1
199,0,0.5944191155673227,1
200,0,0.19709030491726276,1
201,0,0.5538325433710115,1
202,0,0.3460749498703233,1
203,0,0.6632451693589833,1
204,0,0.2608666990709031,1
205,1,0.607933356407121,1
206,0,0.2966297560612457,1
207,0,0.7108330070741524,1
208,0,0.36868670337951204,1
209,0,0.5846278421858405,1
210,1,0.5215436843374998,1
211,1,0.6248897583228431,1
212,1,0.42016907927281444,1
213,1,0.6917665036927382,1
214,0,0.25355989687333436,1
215,0,0.2531880044319946,1
216,0,0.7559355208352978,1
217,0,0.7548650345103101,1
218,0,0.7622631624777476,1
219,0,0.6851207848919123,1
220,0,0.5403305148242576,1
221,0,0.4070905509231552,1
222,0,0.42027223468699254,1
223,0,0.5693743240677632,1
224,0,0.17796350116047177,1
225,0,0.35002819350159636,1
226,0,0.29791391713186594,1
227,0,0.8676623651626026,1
228,0,0.7704520753149386,1
229,0,0.7707749303270738,1
230,0,0.14211316910814575,0
231,1,0.3662363222653941,1
232,1,0.403090181426775,1
233,1,0.39749401480757307,1
234,0,0.32270430046644416,1
235,0,0.2374601357188987,1
236,1,0.6833923076132117,1
237,0,0.3002874613842316,1
238,0,0.31128079597724895,1
239,0,0.6154042392168776,1
240,0,0.7183207528556287,1
241,1,0.6482750815857313,1
242,1,0.3902194398029226,1
243,0,0.5456295974607155,1
244,0,0.4875361904509692,1
245,0,0.2899113512397934,1
246,0,0.5155735692928817,1
247,1,0.09626590967268733,0
248,0,0.5946178964547728,1
249,0,0.2280300003997095,1
250,0,0.2827800350097512,1
251,0,0.10363859804174513,0
252,0,0.6979028207372984,1
253,0,0.6935244672374341,1
254,0,0.12518273594801616,0
255,0,0.5117889168164115,1
256,0,0.09185258220021224,0
257,0,0.2786009119478592,1
258,0,0.12678168244847185,0
259,0,0.7070751194689728,1
260,0,0.44912654596890267,1
261,0,0.1675060709356422,1
262,0,0.6623131455778227,1
263,0,0.13740611076136405,0
264,0,0.65530189002825,1
265,0,0.7162665667601258,1
266,0,0.618552585607304,1
267,0,0.28687375172990287,1
268,0,0.4819012856073663,1
269,0,0.13043675573913105,0
270,1,0.28075983298508905,1
271,0,0.20517817754360462,1
272,0,0.2520313358356792,1
273,0,0.2716358937737148,1
274,0,0.4502325024020143,1
275,0,0.7745322526252099,1
276,0,0.38121114530880446,1
277,0,0.15394323210089259,1
278,0,0.6833265471866533,1
279,0,0.382161213830084,1
280,1,0.7368640845468173,1
281,1,0.6418708141042796,1
282,1,0.5070441050322323,1
283,0,0.09286391660976369,0
284,0,0.30657349983926613,1
285,1,0.7344958367532187,1
286,0,0.6191693846492526,1
287,0,0.5873548788103894,1
288,0,0.33427755849298774,1
289,0,0.425248561173266,1
290,1,0.6336440550956055,1
291,0,0.1348442311000841,0
292,0,0.5078250426769445,1
293,0,0.5635240333645514,1
294,0,0.45424639017937624,1
295,0,0.6011846079744566,1
296,1,0.4238338438699113,1
297,1,0.45630961470702647,1
298,1,0.526858265940005,1
299,1,0.4948205134263899,1
300,1,0.4135425758940459,1
301,1,0.7129239215423687,1
302,1,0.7543537408956645,1
303,1,0.7208291881283239,1
304,0,0.217102529884334,1
305,0,0.29361594836777694,1
306,1,0.4949583620055785,1
307,0,0.21608423601737814,1
308,0,0.2570101616474199,1
309,0,0.47582665674183167,1
310,0,0.37379607898400774,1
311,1,0.6790805295451341,1
312,0,0.5312173053853342,1
313,0,0.37238320960140175,1
314,1,0.6780896195101934,1
315,1,0.4304762972673116,1
316,0,0.4297483559442008,1
317,1,0.6857770899271057,1
318,0,0.7032815398922481,1
319,1,0.7086931175885741,1
320,0,0.5567870586027139,1
321,1,0.6272193166461472,1
322,0,0.3864860940983,1
323,1,0.6620566714674772,1
324,0,0.5429242487391025,1
325,0,0.618410457406247,1
326,0,0.36601911520322805,1
327,0,0.4051588581842415,1
328,0,0.4961987583574718,1
329,1,0.7697900083116318,1
330,0,0.4158416840005894,1
331,0,0.5291147266133109,1
332,0,0.2651895471372966,1
333,0,0.2734786506661269,1
334,0,0.2982892736081638,1
335,0,0.42914420628743943,1
336,1,0.8186047722801012,1
337,1,0.8451377340801126,1
338,1,0.5188936393970872,1
339,1,0.5703296919752947,1
340,1,0.5117912569538183,1
341,1,0.7553700609537785,1
342,1,0.6774705714036078,1
343,1,0.6310135776909177,1
344,1,0.4940016696855487,1
345,1,0.6375988168493814,1
346,1,0.5674981576981893,1
347,1,0.6292631168218872,1
348,0,0.5161831490551366,1
349,0,0.6521092451013399,1
350,1,0.532151145533066,1
351,1,0.5150291677628145,1
352,0,0.8002025896397373,1
353,0,0.39079661312315794,1
354,0,0.4150299110794659,1
355,1,0.6503563327138892,1
356,1,0.4718470353367571,1
357,1,0.5639764652788426,1
358,1,0.5016471344845914,1
359,1,0.3992385144743299,1
360,1,0.5606652133513721,1
361,1,0.6719234447170196,1
362,1,0.6544743955239313,1
363,1,0.6760933908833556,1
364,1,0.5292478150525416,1
365,1,0.5545638599271,1
366,0,0.675255533712672,1
367,1,0.7210538929730512,1
368,1,0.673072372909387,1
369,1,0.6646848278389395,1
370,0,0.6130529088460211,1
371,0,0.45921346499459864,1
372,1,0.5351952320053607,1
373,0,0.5161465610495495,1
374,1,0.4793194731788052,1
375,0,0.46644758375770384,1
376,0,0.09942291190054123,0
377,0,0.5325279686118803,1
378,1,0.4832761586398391,1
379,0,0.44706542999670207,1
380,1,0.5864959425292384,1
381,1,0.3348072880651956,1
382,1,0.38732108492196493,1
383,1,0.32214381573579987,1
384,1,0.4689879644645948,1
385,0,0.2635076380285674,1
386,1,0.47878336050473713,1
387,0,0.35323159679414623,1
388,0,0.4992662530154912,1
389,1,0.6291279733132228,1
390,1,0.7086799866298013,1
391,0,0.7516084770348341,1
392,0,0.45364707457606407,1
393,1,0.5424973987653277,1
394,1,0.7587783967323949,1
395,1,0.7953327540641615,1
396,1,0.8030922285419858,1
397,1,0.7443661653525506,1
398,0,0.4719300078476852,1
399,0,0.33987777380018924,1
400,0,0.6538092711801362,1
401,1,0.46182163951616056,1
402,1,0.40813020173997805,1
403,0,0.6587248334806214,1
404,0,0.3507112756866969,1
405,0,0.4436467707166374,1
406,0,0.3287252978884918,1
407,0,0.7115029855173285,1
408,0,0.44895698404615036,1
409,1,0.5984895438368959,1
410,1,0.4144500485822379,1
411,1,0.43587167995895826,1
412,0,0.3552131435291412,1
413,1,0.7114749774233704,1
414,0,0.7216248141119757,1
415,0,0.4065493097931025,1
416,1,0.4748721309527367,1
417,1,0.46254710182985825,1
418,0,0.400702997166032,1
419,0,0.4201965412552701,1
420,0,0.2267276211470838,1
421,0,0.2742173766106011,1
422,1,0.6478674326975823,1
423,0,0.5588320046416353,1
424,0,0.5147553286100488,1
425,0,0.2534633473171147,1
426,0,0.3888954786900013,1
427,0,0.5409714357014934,1
428,1,0.4918902144655181,1
429,1,0.6608720900646685,1
430,0,0.27669874083203616,1
431,1,0.46356636398439965,1
432,0,0.48127334151670376,1
433,1,0.3637752114654995,1
434,1,0.6188716509660721,1
435,0,0.3347169906335924,1
436,0,0.41954355686173783,1
437,0,0.44889057588479214,1
438,0,0.7750698361852401,1
439,1,0.5145329991362843,1
440,0,0.47395279335028834,1
441,1,0.5775490045047208,1
442,0,0.516167247629752,1
443,1,0.6248945326955371,1
444,1,0.46018221782867186,1
445,0,0.35622236404839835,1
446,0,0.31432778490094837,1
447,1,0.7464752712645383,1
448,0,0.22338185023830706,1
449,0,0.6695574592894601,1
450,0,0.38589239954901217,1
451,0,0.06810962324415963,0
452,0,0.27723504150772754,1
453,0,0.5662056222628689,1
454,0,0.09246174667477138,0
455,0,0.6945695987843128,1
456,0,0.2600954875501206,1
457,0,0.09988336550678861,0
458,1,0.6989069384021643,1
459,0,0.701607676558379,1
460,0,0.5999521208304521,1
461,1,0.6224554857232995,1
462,0,0.7325565050812585,1
463,0,0.7635376352915013,1
464,0,0.43639408827638415,1
465,1,0.2508048632915438,1
466,0,0.5027294340082425,1
467,1,0.5457214231171102,1
468,0,0.5045768893580566,1
469,1,0.5525922585811412,1
470,0,0.6288815947658883,1
471,1,0.3972927800296343,1
472,1,0.8214579562451759,1
473,1,0.6511991231988896,1
474,0,0.3817340038528541,1
475,1,0.7523353164020731,1
476,1,0.8561100764132332,1
477,1,0.7925352807194841,1
478,1,0.3866516681411519,1
479,1,0.47907271952577885,1
480,0,0.43327843959485574,1
481,0,0.29970769855262186,1
482,0,0.35945804038449986,1
483,0,0.3481539220124134,1
484,1,0.584444714276534,1
485,0,0.25659186502836945,1
486,1,0.32823866996355816,1
487,0,0.488219690606382,1
488,1,0.8318966802487829,1
489,0,0.6670514957876377,1
490,0,0.5547547029736195,1
491,0,0.13777472450409534,0
492,0,0.31048053064592124,1
493,0,0.7379763586173581,1
494,0,0.2817233903098056,1
495,0,0.21587935830686678,1
496,0,0.28659039856258905,1
497,0,0.13949971207175113,0
498,0,0.48864161198264777,1
499,0,0.706689099800814,1
500,0,0.4992274465567755,1
501,1,0.2658032197761887,1
502,1,0.49092673719286617,1
503,0,0.33917279771025,1
504,0,0.6835182671031129,1
505,0,0.35056098056911084,1
506,1,0.6834888355898681,1
507,1,0.41911551396679175,1
508,0,0.04258237403984714,0
509,1,0.42946014438654667,1
510,0,0.437612655935175,1
511,1,0.6954576128137699,1
512,1,0.6542810422433883,1
513,1,0.6810257382735644,1
514,1,0.6966577206339011,1
515,0,0.5772915027417141,1
516,0,0.609783911464511,1
517,0,0.05190882469126591,0
518,1,0.5358964282977369,1
519,1,0.6188353289777002,1
520,1,0.6256254031250854,1
521,1,0.3422145056334011,1
522,1,0.2851334216202152,1
523,1,0.3188337399884485,1
524,1,0.36448160920811273,1
525,0,0.32173008973034284,1
526,1,0.24773468508001972,1
527,0,0.4955614357062679,1
528,1,0.4247603418351739,1
529,0,0.3487138947574308,1
530,1,0.39461594708904396,1
531,0,0.2928317809713801,1
532,1,0.8207385967406473,1
533,1,0.5327543550893588,1
534,1,0.7308229168943956,1
535,1,0.591274747822416,1
536,0,0.7830107802071943,1
537,1,0.7213466168580512,1
538,0,0.251037801374283,1
539,0,0.024850479730526415,0
540,0,0.06579608336412587,0
541,1,0.5345200593199373,1
542,1,0.6065736702224553,1
543,1,0.49831854004939313,1
544,0,0.21020737281615676,1
545,1,0.5925072383618952,1
546,0,0.10528756297345893,0
547,1,0.6063646200795947,1
548,0,0.5841151884347918,1
549,0,0.34647865417741786,1
550,0,0.5493898486867685,1
551,1,0.3269439021286639,1
552,0,0.1426173427710015,0
553,0,0.08604432798666638,0
554,0,0.2382020701177367,1
555,0,0.4333644604306481,1
556,0,0.4823381944309104,1
557,0,0.532864060888734,1
558,1,0.5696320600456152,1
559,1,0.43349118127736486,1
560,1,0.27813765032318183,1
561,0,0.1054091434212949,0
562,1,0.4066857082200768,1
563,0,0.08456453304088131,0
564,1,0.41234607647316224,1
565,1,0.377230976072304,1
566,1,0.2844508504100259,1
567,0,0.5889654426933914,1
568,1,0.35388365905030095,1
569,0,0.335179108494383,1
570,1,0.7207367313026212,1
571,0,0.12494240469289057,0
572,1,0.7653976140014512,1
573,1,0.5610340816808506,1
574,1,0.6314827783327723,1
575,1,0.6074130389441232,1
576,1,0.8071383288780802,1
577,1,0.8652643221236667,1
578,1,0.47972761104677764,1
579,0,0.49138132349033886,1
580,1,0.6381726439330109,1
581,1,0.6355711986000103,1
582,1,0.9032665825167973,1
583,1,0.7435899037749168,1
584,1,0.7388954096191487,1
585,1,0.5274454278974722,1
586,1,0.3804855460763562,1
587,1,0.5718224852363609,1
588,1,0.5956547254501866,1
589,1,0.7102661636914503,1
590,1,0.7352491578290427,1
591,0,0.8445492791902791,1
592,1,0.7095779742891117,1
593,1,0.6350723127391743,1
594,0,0.4291781881158152,1
595,1,0.8145141839748216,1
596,1,0.8408130459788908,1
597,1,0.8077519156302525,1
598,0,0.6891964064719053,1
599,1,0.3946426292692439,1
600,0,0.6528363397937729,1
601,1,0.5840393201666105,1
602,1,0.7442041834292386,1
603,1,0.7865944521732422,1
604,0,0.8647332874729844,1
605,1,0.6060375205053599,1
606,1,0.7094553276265533,1
607,1,0.777459474280401,1
608,1,0.40463357135912525,1
609,1,0.21849128802683163,1
610,1,0.3887461405036902,1
611,1,0.5972526935110082,1
612,0,0.617690385332356,1
613,0,0.47004284300615407,1
614,1,0.7522510381424407,1
615,1,0.30357241427098763,1
616,1,0.30562584556014427,1
617,0,0.4683670850805621,1
618,1,0.7717541734600756,1
619,1,0.744733121700849,1
620,1,0.6451450790279186,1
621,1,0.7553909298487524,1
622,1,0.3531146308417735,1
623,0,0.5427684011982796,1
624,0,0.6789829005016359,1
625,1,0.6670998603612801,1
626,1,0.5474555217543651,1
627,1,0.6431814997620251,1
628,0,0.7669127356572748,1
629,0,0.6059087900431516,1
630,1,0.7081699843503747,1
631,0,0.29287520258016325,1
632,1,0.8433921432752249,1
633,1,0.7095909709991621,1
634,0,0.751675476792794,1
635,1,0.8944186394038917,1
636,0,0.456161090046929,1
637,0,0.4676779685514889,1
638,0,0.7931359701761154,1
639,0,0.7206631748738483,1
640,0,0.7241171059151273,1
641,0,0.6250759067092329,1
642,0,0.6291993567957355,1
643,0,0.6770183722474934,1
644,0,0.6657288001348936,1
645,0,0.5110433099964145,1
646,0,0.8255876342560317,1
647,0,0.8804178157085253,1
648,0,0.42149323012873174,1
649,0,0.7917046212155616,1
650,0,0.5019991773306486,1
651,0,0.20269859664008855,1
652,0,0.8076894368339338,1
653,0,0.6285440542049627,1
654,0,0.7584447024613199,1
655,0,0.6498031445550618,1
656,0,0.5686720398862926,1
657,0,0.886984306274295,1
658,0,0.6463331580737364,1
659,0,0.6216981708044121,1
660,0,0.7091520506133756,1
661,0,0.6776531475694347,1
662,0,0.5259178653056239,1
663,0,0.7605233192966312,1
664,0,0.5641253244015592,1
665,0,0.8284087582016559,1
666,0,0.8324047667804275,1
667,0,0.8755524548152732,1
668,0,0.7634564767303498,1
669,0,0.46951866164656303,1
670,0,0.6822468302142736,1
671,0,0.6670708628693404,1
672,0,0.6954199601106741,1
673,0,0.5081700518684051,1
674,0,0.8762209390708859,1
675,0,0.7692556736741797,1
676,0,0.41796874891939084,1
677,0,0.6159401872259984,1
678,0,0.8693825027938732,1
679,0,0.8896472316189638,1
680,1,0.6763987039132884,1
681,1,0.5198942637803796,1
682,1,0.49681897955335363,1
683,0,0.28401771156804934,1
684,1,0.4280036699018556,1
685,1,0.35588694982246577,1
686,1,0.410131185927377,1
687,1,0.49290665725787725,1
688,1,0.33189752373858034,1
689,0,0.5000249995380409,1
690,0,0.28698825310441983,1
691,0,0.19510368076039086,1
692,0,0.3192947190820151,1
693,0,0.5198552655848115,1
694,0,0.5707384717572583,1
695,0,0.45692312925836115,1
696,0,0.40078243936365937,1
697,0,0.41106486743567466,1
698,0,0.2556303842234446,1
699,0,0.14290785868487532,0
700,0,0.223214237776743,1
701,0,0.2123981452322653,1
702,1,0.401029871165128,1
703,1,0.4288205631966661,1
704,1,0.1553465489841507,1
705,1,0.2173238054552909,1
706,1,0.3622862878287264,1
707,1,0.35673555309891924,1
708,1,0.4826168710763525,1
709,1,0.21093910845002845,1
710,0,0.5292200599246324,1
711,0,0.031453767912243254,0
712,0,0.029925292406346386,0
713,1,0.35811999990803345,1
714,1,0.4176353609450251,1
715,1,0.38299135114651706,1
716,1,0.4922795809099426,1
717,1,0.036070320470436304,0
718,1,0.8169634525032656,1
719,1,0.5441087860885174,1
720,1,0.609478091916053,1
721,1,0.60981705008495,1
722,1,0.7696840443915913,1
723,1,0.7898313458448969,1
724,1,0.26115475001852034,1
725,1,0.6450003309853659,1
726,1,0.4759708845317342,1
727,1,0.50535762333378,1
728,1,0.8415604465304399,1
729,1,0.5932881712688466,1
730,1,0.5063064507848158,1
731,1,0.5345947202113367,1
732,1,0.34517593225615534,1
733,1,0.3598534492525436,1
734,1,0.29059817907209157,1
735,1,0.6195910541414533,1
736,1,0.5956745028946461,1
737,1,0.5593013490335197,1
738,1,0.32535017925349147,1
739,1,0.743229667146163,1
740,1,0.5144986135925398,1
741,1,0.46063085562888806,1
742,1,0.4461594021446396,1
743,1,0.11512494511343595,0
744,1,0.31778661656811674,1
745,1,0.7651462322711775,1
746,1,0.5822326082762358,1
747,1,0.252862645473448,1
748,1,0.44190093899543137,1
749,1,0.46293687060052063,1
750,1,0.4276094880025082,1
751,1,0.5840979970311149,1
752,1,0.5212124118961861,1
753,1,0.6941557900553113,1
754,1,0.5567467413305354,1
755,1,0.737948005899763,1
756,1,0.5101344745894616,1
757,1,0.5528711101505684,1
758,1,0.40107990776925617,1
759,1,0.3381346535058659,1
760,1,0.6682405234166113,1
761,1,0.5921953214599388,1
762,1,0.6435983474200181,1
763,1,0.6674119614420246,1
764,1,0.23644423636083767,1
765,1,0.37745144496217853,1
766,1,0.542530557017884,1
767,1,0.6465226410370485,1
768,1,0.5434236944637686,1
769,1,0.489651033130905,1
770,1,0.5839443607894542,1
771,1,0.3187011635540747,1
772,1,0.6537916214102746,1
773,1,0.11278565893462732,0
774,1,0.7747467368867619,1
775,1,0.6107506700014343,1
776,1,0.5051570166894178,1
777,1,0.6419998796498413,1
778,1,0.2120092727883416,1
779,1,0.1580836442462286,1
780,1,0.4227280193313617,1
781,1,0.33378029405799425,1
782,1,0.368551353940468,1
783,1,0.4140374034156021,1
784,1,0.4139371881049994,1
785,1,0.2949797267067356,1
786,1,0.3647675437952428,1
787,1,0.11196536705423782,0
788,1,0.33386196799122203,1
789,1,0.3601238268536156,1
790,1,0.14982223167738343,1
791,1,0.7070925231589944,1
792,1,0.2230081928636561,1
793,1,0.050177980075565745,0
794,1,0.44034892222057914,1
795,1,0.17457590131492598,1
796,1,0.3381895838764307,1
797,1,0.26974968180664266,1
798,1,0.16222441412777872,1
799,1,0.3825232627349648,1
800,1,0.24558998188841757,1
801,1,0.24903278582143826,1
802,1,0.33503384218530463,1
803,1,0.3780659013385169,1
804,1,0.27805578279474663,1
805,1,0.307246444454931,1
806,1,0.19060882294105752,1
807,1,0.37718027556223244,1
808,1,0.5764036073941079,1
809,1,0.6955704111010699,1
810,1,0.808142115490125,1
811,1,0.2620913066273899,1
812,1,0.5985997556792702,1
813,1,0.40762384119822975,1
814,1,0.3411323052606809,1
815,1,0.2420503627512699,1
816,1,0.6541151485859831,1
817,1,0.4678805981947815,1
818,1,0.03645335941387367,0
819,1,0.1972472184836868,1
820,1,0.39190605913657306,1
821,1,0.5504956951043667,1
822,1,0.5197322742416784,1
823,1,0.4439884638403677,1
824,1,0.39406005796403915,1
825,0,0.28332609209428494,1
826,0,0.2339940626237568,1
827,0,0.08995238036090392,0
828,0,0.28332408541143417,1
829,1,0.7264867759060721,1
830,1,0.9194547790773401,1
831,1,0.7195560608232575,1
832,0,0.7715616571987028,1
833,0,0.32054098804302067,1
834,0,0.5696009709602553,1
835,0,0.39866590835981625,1
836,1,0.6448016980819572,1
837,0,0.4977009872425788,1
838,0,0.48678910463181063,1
839,0,0.20439823474490798,1
840,0,0.7513931434825116,1
841,0,0.6766171472009125,1
842,0,0.6374256161135017,1
843,0,0.5262132576504664,1
844,0,0.22676254101972598,1
845,0,0.6391358671710126,1
846,0,0.29239556462621696,1
847,0,0.25307214886033086,1
848,0,0.31885385333492167,1
849,1,0.7488549544274392,1
850,0,0.1808917656544034,1
851,0,0.17958419079327756,1
852,0,0.36993642398705595,1
853,0,0.4222518748365605,1
854,1,0.8265736765594025,1
855,0,0.318282240264768,1
856,0,0.31515678682529097,1
857,0,0.24254993889746282,1
858,0,0.1976413103268119,1
859,1,0.27769617340745295,1
860,0,0.17525813169637863,1
861,0,0.2349180191114475,1
862,0,0.7637746223591784,1
863,0,0.18361808927865753,1
864,0,0.13842865348325334,0
865,0,0.13733816337164273,0
866,0,0.16788950859469318,1
867,0,0.2524736840649374,1
868,0,0.1713092024704101,1
869,0,0.13476355152228656,0
870,0,0.17997045419723456,1
871,0,0.16684897169967772,1
872,0,0.2786647368697538,1
873,0,0.3061011844993824,1
874,1,0.5739408332440725,1
875,0,0.39357332503656284,1
876,0,0.5799652799048443,1
877,0,0.5248059293736435,1
878,1,0.9727143855874187,1
879,1,0.4761062768156752,1
880,0,0.37521516322735476,1
881,1,0.6558457310820398,1
882,1,0.9136895886234325,1
883,1,0.6922127655302572,1
884,0,0.5530209187951809,1
885,0,0.6604447547107515,1
886,0,0.6619077506615212,1
887,0,0.15727414696344613,1
888,0,0.15155497509059854,1
889,0,0.7113310616560493,1
890,1,0.8833103382206066,1
891,1,0.5336025122066996,1
892,0,0.33480393912815964,1
893,1,0.31068465146470514,1
894,0,0.21572314842456716,1
895,0,0.11774527885929345,0
896,0,0.48581076981421417,1
897,0,0.23782776037299302,1
898,0,0.3368577970298139,1
899,0,0.21965481357340932,1
900,0,0.3988985809362137,1
901,0,0.06324256673157125,0
902,0,0.39903507763916984,1
903,0,0.47897736095757204,1
904,0,0.26174118963635157,1
905,0,0.44168484875062924,1
906,0,0.21894453747224965,1
907,0,0.4006957289113556,1
908,0,0.3965649135028609,1
909,1,0.762330807629422,1
910,0,0.7471784146320931,1
911,1,0.78338830172458,1
912,0,0.32887990485827856,1
913,1,0.7482180649225864,1
914,1,0.38695229702491696,1
915,1,0.32918799317151426,1
916,1,0.5846500073548023,1
917,1,0.5672752286146372,1
918,0,0.2799107707207147,1
919,1,0.32329531210738477,1
920,0,0.4886835881398369,1
921,0,0.4464185275169305,1
922,0,0.14420260757599582,0
923,0,0.18812247214958877,1
924,1,0.18897474727565775,1
925,1,0.2947026670491424,1
926,1,0.3602880811522327,1
927,0,0.1780891001453705,1
928,0,0.499061166450175,1
929,0,0.21569049043753796,1
930,0,0.42788882726473554,1
931,0,0.10476410196596823,0
932,0,0.4537265020591114,1
933,0,0.38442073352170136,1
934,0,0.13336905961885823,0
935,0,0.7444868894047986,1
936,0,0.36397570194472184,1
937,0,0.46681060697136717,1
938,0,0.6071542175884717,1
939,0,0.5589951551885757,1
940,0,0.08733203588673902,0
941,0,0.39291047956438885,1
942,0,0.6116747140055091,1
943,0,0.570765530923736,1
944,0,0.4612733990739783,1
945,0,0.26898974631308475,1
946,0,0.07079890884049826,0
947,0,0.389574350777404,1
948,0,0.2507478936365005,1
949,0,0.12410625241088978,0
950,0,0.3674015171560743,1
951,0,0.2968819416620222,1
952,0,0.10281170040583645,0
953,1,0.5983197762777727,1
954,1,0.32149395369679523,1
955,0,0.11961181466882108,0
956,1,0.4618442006310368,1
957,1,0.603385920000575,1
958,0,0.45258262292926904,1
959,1,0.550415135541635,1
960,1,0.6917963203418624,1
961,1,0.8295120755301514,1
962,0,0.3006825977997857,1
963,1,0.5543714048831011,1
964,1,0.7029563588388302,1
965,1,0.7022811358711384,1
966,0,0.353101590893939,1
967,1,0.6684852033442056,1
968,1,0.490823345299691,1
969,1,0.33137952962317524,1
970,0,0.22087559879876134,1
971,0,0.334296432316117,1
972,1,0.5631231076528996,1
973,1,0.5642479160448555,1
974,1,0.46880313955538505,1
975,0,0.5781316284632303,1
976,1,0.544305228148476,1
977,1,0.621295242948596,1
978,1,0.45302396482798535,1
979,1,0.5902655811837932,1
980,0,0.3515986737445309,1
981,1,0.7744411892131124,1
982,0,0.327413180675676,1
983,1,0.49361575210726544,1
984,0,0.38074426676405027,1
985,1,0.6205352166620048,1
986,1,0.8500125620164897,1
987,1,0.6016006702746027,1
988,1,0.5765617346233345,1
989,0,0.5217769175562107,1
990,0,0.7028641027519607,1
991,1,0.8103059363542959,1
992,1,0.6269795201867304,1
993,1,0.5323312803528777,1
994,1,0.5989440481786341,1
995,0,0.5111235128359785,1
996,0,0.3558660070948286,1
997,0,0.16440063691649823,1
998,0,0.20283528588465363,1
999,0,0.6081693464401462,1
1000,1,0.7350357750309464,1
1001,1,0.3041525978787412,1
1002,1,0.5277397055874007,1
1003,0,0.1946271723479376,1
1004,1,0.5400101738681194,1
1005,1,0.5570797240818987,1
1006,1,0.5816830997142056,1
1007,0,0.21918808906104942,1
1008,1,0.4839464193715634,1
1009,1,0.5611190443507857,1
1010,0,0.340435142608836,1
1011,0,0.42709650598659404,1
1012,0,0.6686190493071698,1
1013,1,0.40215334254386226,1
1014,1,0.4902769345814058,1
1015,1,0.423087982182933,1
1016,0,0.4446729010406068,1
1017,1,0.596402412317961,1
1018,1,0.8820685421750843,1
1019,1,0.5478349511458023,1
1020,1,0.7344546065538683,1
1021,1,0.45415630225526665,1
1022,1,0.27300300959423274,1
1023,0,0.9661752069525569,1
1024,1,0.39879472489553675,1
1025,0,0.46825033267251837,1
1026,1,0.573464332191024,1
1027,1,0.6519468729674469,1
1028,1,0.6365457270452411,1
1029,0,0.4178092900084045,1
1030,0,0.16417979643107936,1
1031,1,0.6110649522116406,1
1032,0,0.835535887864455,1
1033,0,0.6518020885322167,1
1034,0,0.5191076942355575,1
1035,0,0.3255294225391193,1
1036,0,0.4859391706173281,1
1037,0,0.5930203739558356,1
1038,0,0.27750109092114106,1
1039,0,0.31214820776820207,1
1040,0,0.07194617893779323,0
1041,0,0.3466322081187183,1
1042,1,0.5317933243046103,1
1043,0,0.03828798411657636,0
1044,0,0.9999942928206785,1
1045,0,0.0269923039723923,0
1046,0,0.23951354913704365,1
1047,0,0.2620864251517095,1
1048,0,0.3074638439648026,1
1049,0,0.4042419968054202,1
1050,0,0.2515792626426361,1
1051,0,0.3295453003319399,1
1052,0,0.2387374289983296,1
1053,0,0.49792327713543694,1
1054,0,0.7278975857800422,1
1055,0,0.8662474217772331,1
1056,1,0.7181547300946959,1
1057,1,0.9071918679101726,1
1058,1,0.4209323532319363,1
1059,0,0.36109068353423773,1
1060,0,0.6155876066810066,1
1061,1,0.5655867259273607,1
1062,0,0.47048529929129446,1
1063,0,0.6532983274928432,1
1064,1,0.8788793496312858,1
1065,1,0.6458526642796021,1
1066,1,0.6289612177754033,1
1067,1,0.7617981975443142,1
1068,0,0.5346374847189538,1
1069,1,0.7067055083936474,1
1070,0,0.5609281666154057,1
1071,0,0.21648118844236264,1
1072,1,0.5847477014095838,1
1073,1,0.5129621772818584,1
1074,0,0.30789769625709074,1
1075,1,0.685322773729473,1
1076,0,0.6893756784516261,1
1077,0,0.5613978159654007,1
1078,1,0.4461240280897004,1
1079,1,0.6225953483953053,1
1080,0,0.45826479496208167,1
1081,1,0.6966193424956438,1
1082,0,0.34007219049742593,1
1083,0,0.30012548263085326,1
1084,0,0.49913036213560125,1
1085,1,0.5875801117738112,1
1086,1,0.6562545066863114,1
1087,1,0.6189635790005529,1
1088,1,0.48700677718445795,1
1089,0,0.3661178112013596,1
1090,0,0.49193030225514134,1
1091,0,0.07173922358058507,0
1092,0,0.5791349387990856,1
1093,1,0.6765074488363867,1
1094,0,0.4041502405490633,1
1095,0,0.5080305820083748,1
1096,0,0.6097581412756935,1
1097,0,0.8089903241597803,1
1098,0,0.7750547318404603,1
1099,0,0.5301900679664564,1
1100,1,0.47753487703883096,1
1101,0,0.5276081851485479,1
1102,0,0.8147510696265482,1
1103,0,0.6394272108899084,1
1104,0,0.5686690094456213,1
1105,1,0.5852192177593816,1
1106,0,0.8998442901327456,1
1107,1,0.9092201979826354,1
1108,0,0.3906256817838389,1
1109,0,0.28879052958103485,1
1110,1,0.8969339669804245,1
1111,1,0.4463055025781323,1
1112,1,0.3092820079856052,1
1113,0,0.3166312053350035,1
1114,1,0.7943513014258107,1
1115,1,0.7107625401297206,1
1116,0,0.11380566470785086,0
1117,0,0.6777122409036995,1
1118,1,0.8170581544114502,1
1119,0,0.2361700167868126,1
1120,0,0.22250502785205367,1
1121,1,0.2088149709331544,1
1122,0,0.29843223297592913,1
1123,0,0.297930212396095,1
1124,0,0.1755194193288123,1
1125,0,0.28410173555039764,1
1126,0,0.28631715125842,1
1127,1,0.7052672124388244,1
1128,1,0.7630192198537806,1
1129,1,0.37543658190190493,1
1130,1,0.7157513848219098,1
1131,1,0.4350850469652971,1
1132,0,0.16153194648793506,1
1133,0,0.3373520404932845,1
1134,1,0.7033427187550302,1
1135,0,0.6751049030982293,1
1136,0,0.6396680236575688,1
1137,0,0.42091519230331687,1
1138,0,0.4801998085901605,1
1139,0,0.39698476184222803,1
1140,1,0.5336617092511357,1
1141,0,0.7639856326375043,1
1142,0,0.8866037536023363,1
1143,0,0.23724792356868568,1
1144,0,0.25688366824702097,1
1145,0,0.4668923651477499,1
1146,0,0.42207709579051983,1
1147,1,0.5551535554167575,1
1148,0,0.37262385058857683,1
1149,0,0.35473036544081665,1
1150,0,0.21276250452121437,1
1151,0,0.20081792653577732,1
1152,0,0.20372762995137356,1
1153,0,0.5197522366386956,1
1154,0,0.5516360915278257,1
1155,1,0.5778208183323961,1
1156,0,0.4186304396819225,1
1157,1,0.7568141473373527,1
1158,0,0.5857147124292948,1
1159,0,0.4895377139445706,1
1160,0,0.4095503420089386,1
1161,0,0.5144579008010431,1
1162,1,0.3220910815710738,1
1163,1,0.38279823865504137,1
1164,0,0.4737785649186007,1
1165,0,0.3360354247231664,1
1166,0,0.33123352933573413,1
1167,1,0.5410451454112905,1
1168,0,0.43442279624008434,1
1169,0,0.10918818454265741,0
1170,0,0.3149832880012028,1
1171,1,0.4957980025453612,1
1172,0,0.4528904311716955,1
1173,0,0.2834603282896959,1
1174,0,0.31102757706220885,1
1175,1,0.4737789861977089,1
1176,0,0.2362440817294762,1
1177,0,0.13134757223429577,0
1178,0,0.6961375306116775,1
1179,1,0.6290392097810481,1
1180,0,0.2020232722058276,1
1181,0,0.2204702037118782,1
1182,1,0.923680955407495,1
1183,0,0.1288446211573373,0
1184,1,0.41168612992706843,1
1185,1,0.17445981375928565,1
1186,0,0.3889059829421006,1
1187,0,0.769536020181571,1
1188,1,0.4818484668656669,1
1189,0,0.48228270946665164,1
1190,0,0.5993446089219804,1
1191,0,0.6484788479140603,1
1192,1,0.7520002077634598,1
1193,0,0.3627400158245175,1
1194,1,0.5272927179774871,1
1195,0,0.6765453490035415,1
1196,0,0.7238412248302396,1
1197,0,0.36502343610364096,1
1198,0,0.5890145609167139,1
1199,0,0.18998048035526352,1
1200,0,0.14910877838391448,1
1201,0,0.4145023084233189,1
1202,0,0.531297475514703,1
1203,0,0.6935286024064743,1
1204,1,0.7347951809990998,1
1205,0,0.7213532562410183,1
1206,0,0.5403643707303718,1
1207,0,0.5997141729293859,1
1208,0,0.6917330967932985,1
1209,0,0.7647934456805162,1
1210,0,0.3434825611181499,1
1211,0,0.6346608035037338,1
1212,1,0.6360790970588991,1
1213,1,0.5822430193765099,1
1214,0,0.5361752714353597,1
1215,0,0.6492671879208538,1
1216,0,0.08670105465635171,0
1217,0,0.7605296481511283,1
1218,0,0.6760694364357499,1
1219,0,0.44921009347728436,1
1220,0,0.3317966356667873,1
1221,0,0.39270093313371657,1
1222,0,0.5137102672060683,1
1223,0,0.3092629688826786,1
1224,0,0.256175555707383,1
1225,0,0.3043206940625462,1
1226,0,0.6170466551634908,1
1227,1,0.39153036399390523,1
1228,1,0.6568812268421091,1
1229,0,0.32969156121503085,1
1230,1,0.46444477229340636,1
1231,1,0.5271771582329644,1
1232,0,0.619022840063371,1
1233,1,0.4940790347547573,1
1234,0,0.44718794564391884,1
1235,0,0.35993466723827544,1
1236,0,0.3424542790858662,1
1237,0,0.33450402725417117,1
1238,0,0.4003640634377597,1
1239,1,0.2661223039412092,1
1240,0,0.7006189126978972,1
1241,0,0.7884341048835529,1
1242,0,0.8505662283774662,1
1243,0,0.5299001464171713,1
1244,1,0.6841482788737143,1
1245,0,0.8062498115959539,1
1246,0,0.5355667982543144,1
1247,1,0.49179479824718675,1
1248,1,0.6344246989958172,1
